latitude,longitude,status
52.7748926,-1.2120526999999999,picking
52.77483363333334,-1.2119674,picking
52.774774666666666,-1.2118821000000004,picking
52.7747157,-1.2117968000000006,picking
52.77465673333334,-1.2117115000000007,picking
52.774597766666666,-1.211626200000001,picking
52.7745388,-1.2115409000000013,picking
52.77449032,-1.2114291400000012,picking
52.77444184,-1.211317380000001,picking
52.77439336,-1.211205620000001,picking
52.77434488,-1.2110938600000007,picking
52.7742964,-1.2109821000000007,picking
52.77428966,-1.2108564200000005,picking
52.774282920000005,-1.2107307400000002,picking
52.77427618,-1.2106050599999998,picking
52.774269440000005,-1.2104793799999995,picking
52.77426270000001,-1.2103536999999993,picking
52.774300800000006,-1.2102342999999995,picking
52.774338900000004,-1.2101148999999998,picking
52.77437700000001,-1.2099955000000002,picking
52.774415100000006,-1.2098761000000005,picking
52.7744216,-1.2098313000000007,picking
52.77444610833333,-1.2097050916666672,picking
52.77447061666666,-1.2095788833333339,picking
52.774495124999994,-1.2094526750000003,picking
52.77451963333333,-1.209326466666667,picking
52.77454414166666,-1.2092002583333334,picking
52.77456864999999,-1.20907405,picking
52.774593158333325,-1.2089478416666666,picking
52.77461766666666,-1.208821633333333,picking
52.77464217499999,-1.2086954249999997,picking
52.77466668333332,-1.2085692166666662,picking
52.774691191666655,-1.2084430083333328,picking
52.77471569999999,-1.2083167999999993,picking
52.77473993333332,-1.2081802,picking
52.77476416666666,-1.2080436000000006,picking
52.77478839999999,-1.2079070000000012,picking
52.77483699999999,-1.2076860000000007,picking
52.77478173749999,-1.2076006500000007,picking
52.774726474999994,-1.2075153000000007,picking
52.77467121249999,-1.2074299500000008,picking
52.77461594999999,-1.2073446000000008,picking
52.77456068749999,-1.2072592500000006,picking
52.77450542499999,-1.2071739000000006,picking
52.77445016249999,-1.2070885500000006,picking
52.77439489999999,-1.2070032000000006,delivering
52.77435669999999,-1.2068949571428578,delivering
52.77431849999999,-1.206786714285715,delivering
52.774280299999994,-1.206678471428572,delivering
52.77424209999999,-1.2065702285714293,delivering
52.77420389999999,-1.2064619857142864,delivering
52.77416569999999,-1.2063537428571436,delivering
52.77412749999999,-1.2062455000000005,delivering
52.77408929999999,-1.2061372571428577,delivering
52.774051099999994,-1.2060290142857149,delivering
52.774012899999995,-1.205920771428572,delivering
52.77397469999999,-1.2058125285714292,delivering
52.77393649999999,-1.2057042857142863,delivering
52.77389829999999,-1.2055960428571435,delivering
52.77386009999999,-1.2054878000000007,delivering
52.77380111666666,-1.2053884666666672,delivering
52.77374213333333,-1.2052891333333338,delivering
52.77368315,-1.2051898000000003,delivering
52.773624166666664,-1.205090466666667,delivering
52.77356518333333,-1.2049911333333336,delivering
52.7735062,-1.2048918000000002,delivering
52.77347366666667,-1.2047376333333337,delivering
52.77344113333333,-1.204583466666667,delivering
52.773408599999996,-1.2044293000000006,delivering
52.77335852499999,-1.2043202750000006,delivering
52.773308449999995,-1.2042112500000006,delivering
52.773258375,-1.2041022250000006,delivering
52.77320829999999,-1.2039932000000007,delivering
52.77315208571428,-1.2039113428571435,delivering
52.773095871428566,-1.2038294857142862,delivering
52.77303965714285,-1.203747628571429,delivering
52.77298344285714,-1.203665771428572,delivering
52.772927228571426,-1.2035839142857148,delivering
52.77287101428571,-1.2035020571428574,delivering
52.7728148,-1.2034202000000003,delivering
52.77274678888889,-1.2033547888888891,delivering
52.77267877777778,-1.2032893777777782,delivering
52.772610766666666,-1.203223966666667,delivering
52.772542755555556,-1.2031585555555562,delivering
52.772474744444445,-1.203093144444445,delivering
52.772406733333334,-1.203027733333334,delivering
52.77233872222222,-1.202962322222223,delivering
52.77227071111111,-1.2028969111111119,delivering
52.772202699999994,-1.2028315000000007,delivering
52.77213468888888,-1.2027660888888898,delivering
52.77206667777777,-1.2027006777777787,delivering
52.77199866666666,-1.2026352666666678,delivering
52.77193065555555,-1.2025698555555566,delivering
52.77186264444444,-1.2025044444444455,delivering
52.77179463333333,-1.2024390333333346,delivering
52.77172662222222,-1.2023736222222234,delivering
52.77165861111111,-1.2023082111111125,delivering
52.771590599999996,-1.2022428000000014,delivering
52.77151523636363,-1.2022438181818196,delivering
52.77143987272727,-1.2022448363636375,delivering
52.77136450909091,-1.2022458545454557,delivering
52.771289145454546,-1.202246872727274,delivering
52.77121378181818,-1.2022478909090921,delivering
52.77113841818181,-1.20224890909091,delivering
52.77106305454545,-1.2022499272727283,delivering
52.77098769090909,-1.2022509454545465,delivering
52.770912327272725,-1.2022519636363647,delivering
52.77083696363636,-1.2022529818181826,delivering
52.7707616,-1.2022540000000008,delivering
52.770693599999994,-1.2023126500000005,delivering
52.77062559999999,-1.2023713000000003,delivering
52.77056515999999,-1.2024496000000002,delivering
52.77050471999999,-1.2025279000000004,delivering
52.77044427999999,-1.2026062000000004,delivering
52.770383839999994,-1.2026845000000006,delivering
52.770323399999995,-1.2027628000000006,delivering
52.7702214,-1.2029306000000004,delivering
52.7701744,-1.2030090000000015,delivering
52.770130249999994,-1.2031269000000009,delivering
52.77008609999999,-1.2032448,delivering
52.7700223,-1.2033524999999998,delivering
52.769973433333334,-1.2034585666666666,delivering
52.76992456666667,-1.2035646333333336,delivering
52.7698757,-1.2036707000000004,delivering
52.769828704761906,-1.2037668761904765,delivering
52.76978170952381,-1.2038630523809526,delivering
52.76973471428571,-1.203959228571429,delivering
52.76968771904762,-1.204055404761905,delivering
52.76964072380952,-1.204151580952381,delivering
52.76959372857143,-1.2042477571428571,delivering
52.769546733333335,-1.2043439333333334,delivering
52.769499738095234,-1.2044401095238095,delivering
52.76945274285714,-1.2045362857142856,delivering
52.76940574761905,-1.2046324619047617,delivering
52.76935875238095,-1.204728638095238,delivering
52.76931175714286,-1.204824814285714,delivering
52.769264761904765,-1.2049209904761902,delivering
52.769217766666664,-1.2050171666666663,delivering
52.76917077142857,-1.2051133428571426,delivering
52.769123776190476,-1.2052095190476186,delivering
52.76907678095238,-1.2053056952380947,delivering
52.76902978571429,-1.2054018714285708,delivering
52.76898279047619,-1.205498047619047,delivering
52.76893579523809,-1.2055942238095232,delivering
52.7688888,-1.2056903999999993,delivering
52.76886284999999,-1.2058513999999996,delivering
52.76883689999998,-1.2060123999999999,delivering
52.76879816666665,-1.2061205249999998,delivering
52.768759433333315,-1.20622865,delivering
52.76872069999999,-1.2063367749999998,delivering
52.768681966666655,-1.2064448999999997,delivering
52.76864323333332,-1.2065530249999998,delivering
52.768604499999995,-1.2066611499999997,delivering
52.76856576666666,-1.2067692749999996,delivering
52.76852703333333,-1.2068773999999998,delivering
52.768488299999994,-1.2069855249999997,delivering
52.76844956666666,-1.2070936499999996,delivering
52.768410833333334,-1.2072017749999997,delivering
52.7683721,-1.2073098999999996,delivering
52.768300975,-1.2073967749999999,delivering
52.76822985,-1.2074836500000001,delivering
52.768158725,-1.2075705250000004,delivering
52.7680876,-1.2076574000000007,delivering
52.768018966666666,-1.2077167333333343,delivering
52.767950333333324,-1.2077760666666677,delivering
52.76788169999999,-1.2078354000000013,delivering
52.76780612499999,-1.2079068000000013,delivering
52.767730549999996,-1.2079782000000012,delivering
52.767654975,-1.208049600000001,delivering
52.7675794,-1.2081210000000009,delivering
52.76750988888889,-1.2081852333333343,delivering
52.76744037777778,-1.2082494666666674,delivering
52.76737086666667,-1.2083137000000008,delivering
52.76730135555555,-1.208377933333334,delivering
52.767231844444446,-1.2084421666666674,delivering
52.76716233333333,-1.2085064000000005,delivering
52.76709282222222,-1.208570633333334,delivering
52.76702331111111,-1.208634866666667,delivering
52.766953799999996,-1.2086991000000005,delivering
52.76687783999999,-1.2087565200000006,delivering
52.766801879999996,-1.2088139400000006,delivering
52.76672591999999,-1.2088713600000007,delivering
52.766649959999995,-1.2089287800000008,delivering
52.76657399999999,-1.208986200000001,delivering
52.766499259999996,-1.2089535400000007,delivering
52.766424519999994,-1.2089208800000006,delivering
52.76634978,-1.2088882200000004,delivering
52.76627504,-1.2088555600000004,delivering
52.7662003,-1.2088229000000001,delivering
52.7661211,-1.2088976000000002,delivering
52.766041900000005,-1.2089723000000006,delivering
52.7659627,-1.2090470000000006,delivering
52.76589433125,-1.2091069375000005,delivering
52.7658259625,-1.2091668750000004,delivering
52.76575759375,-1.2092268125000005,delivering
52.765689225,-1.2092867500000004,delivering
52.765620856249996,-1.2093466875000003,delivering
52.765552487499995,-1.2094066250000002,delivering
52.765484118749995,-1.2094665625,delivering
52.765415749999995,-1.2095265,delivering
52.765347381249995,-1.2095864375,delivering
52.765279012499995,-1.209646375,delivering
52.765210643749995,-1.2097063124999998,delivering
52.76514227499999,-1.2097662499999997,delivering
52.76507390624999,-1.2098261874999996,delivering
52.76500553749999,-1.2098861249999997,delivering
52.76493716874999,-1.2099460624999996,delivering
52.76486879999999,-1.2100059999999995,delivering
52.7649008235294,-1.210116558823529,delivering
52.764932847058816,-1.2102271176470585,delivering
52.76496487058822,-1.210337676470588,delivering
52.76499689411764,-1.2104482352941175,delivering
52.76502891764705,-1.2105587941176468,delivering
52.765060941176465,-1.2106693529411763,delivering
52.76509296470587,-1.2107799117647058,delivering
52.765124988235286,-1.2108904705882353,delivering
52.7651570117647,-1.2110010294117648,delivering
52.765189035294114,-1.2111115882352943,delivering
52.76522105882352,-1.2112221470588238,delivering
52.765253082352935,-1.2113327058823533,delivering
52.76528510588235,-1.2114432647058826,delivering
52.76531712941176,-1.211553823529412,delivering
52.76534915294117,-1.2116643823529416,delivering
52.765381176470584,-1.211774941176471,delivering
52.7654132,-1.2118855000000006,picking
52.765381176470584,-1.211774941176471,picking
52.76534915294117,-1.2116643823529416,picking
52.76531712941176,-1.211553823529412,picking
52.76528510588235,-1.2114432647058826,picking
52.765253082352935,-1.2113327058823533,picking
52.76522105882352,-1.2112221470588238,picking
52.765189035294114,-1.2111115882352943,picking
52.7651570117647,-1.2110010294117648,picking
52.765124988235286,-1.2108904705882353,picking
52.76509296470587,-1.2107799117647058,picking
52.765060941176465,-1.2106693529411763,picking
52.76502891764705,-1.2105587941176468,picking
52.76499689411764,-1.2104482352941175,picking
52.76496487058822,-1.210337676470588,picking
52.764932847058816,-1.2102271176470585,picking
52.7649008235294,-1.210116558823529,picking
52.76486879999999,-1.2100059999999995,picking
52.764796533333325,-1.2100648749999996,picking
52.764724266666654,-1.2101237499999997,picking
52.76465199999999,-1.2101826249999998,picking
52.76457973333332,-1.2102415,picking
52.76450746666666,-1.210300375,picking
52.764435199999994,-1.2103592500000002,picking
52.764362933333324,-1.2104181250000003,picking
52.76429066666666,-1.2104770000000005,picking
52.76421839999999,-1.2105358750000006,picking
52.76414613333333,-1.2105947500000007,picking
52.764073866666656,-1.2106536250000008,picking
52.76400159999999,-1.210712500000001,picking
52.76393337777777,-1.210767611111112,picking
52.76386515555555,-1.2108227222222232,picking
52.763796933333325,-1.2108778333333343,picking
52.763728711111106,-1.2109329444444454,picking
52.76366048888888,-1.2109880555555568,picking
52.76359226666666,-1.211043166666668,picking
52.76352404444444,-1.211098277777779,picking
52.76345582222222,-1.2111533888888901,picking
52.763387599999994,-1.2112085000000012,picking
52.76331859999999,-1.211263500000001,picking
52.763249599999995,-1.2113185000000004,picking
52.76318059999999,-1.2113735,picking
52.76310741999999,-1.21140156,picking
52.76303423999999,-1.2114296200000003,picking
52.762961059999995,-1.2114576800000003,picking
52.762887879999994,-1.2114857400000005,picking
52.76281469999999,-1.2115138000000005,picking
52.76274151999999,-1.2115418600000005,picking
52.76266833999999,-1.2115699200000007,picking
52.76259516,-1.2115979800000007,picking
52.762521979999995,-1.211626040000001,picking
52.762448799999994,-1.211654100000001,picking
52.76235606666666,-1.211668500000001,picking
52.76226333333333,-1.2116829000000007,picking
52.7621706,-1.2116973000000006,picking
52.76209454,-1.2116928400000007,picking
52.76201848,-1.2116883800000007,picking
52.76194242,-1.211683920000001,picking
52.76186636,-1.211679460000001,picking
52.7617903,-1.211675000000001,picking
52.76174659999999,-1.2116399000000002,picking
52.76172459999999,-1.211631700000001,picking
52.761639349999996,-1.2117184500000002,picking
52.7615541,-1.2118051999999997,picking
52.76154640000001,-1.2118771000000008,picking
52.76149246666667,-1.2120118333333338,picking
52.76143853333333,-1.2121465666666669,picking
52.76138459999999,-1.2122813,picking
52.761321699999996,-1.2123655,picking
52.76123935,-1.2124755999999994,picking
52.761157,-1.212585699999999,picking
52.76108249999999,-1.2126920333333329,picking
52.76100799999999,-1.2127983666666666,picking
52.760933499999986,-1.2129047000000004,picking
52.760870299999986,-1.2129964000000002,picking
52.760807099999994,-1.2130881,picking
52.760743899999994,-1.2131797999999998,picking
52.760683694736834,-1.213262647368421,picking
52.76062348947368,-1.2133454947368418,picking
52.76056328421052,-1.213428342105263,picking
52.760503078947366,-1.213511189473684,picking
52.760442873684205,-1.213594036842105,picking
52.76038266842105,-1.213676884210526,picking
52.76032246315789,-1.213759731578947,picking
52.76026225789474,-1.2138425789473681,picking
52.76020205263158,-1.2139254263157893,picking
52.76014184736842,-1.2140082736842102,picking
52.76008164210526,-1.2140911210526313,picking
52.76002143684211,-1.2141739684210524,picking
52.75996123157895,-1.2142568157894733,picking
52.759901026315795,-1.2143396631578944,picking
52.759840821052634,-1.2144225105263153,picking
52.75978061578948,-1.2145053578947365,picking
52.75972041052632,-1.2145882052631576,picking
52.75966020526317,-1.2146710526315785,picking
52.759600000000006,-1.2147538999999996,picking
52.75964384615385,-1.214860392307692,picking
52.75968769230769,-1.2149668846153843,picking
52.759731538461544,-1.2150733769230766,picking
52.75977538461539,-1.215179869230769,picking
52.75981923076923,-1.2152863615384613,picking
52.759863076923075,-1.2153928538461536,picking
52.759906923076926,-1.215499346153846,picking
52.75995076923077,-1.2156058384615382,picking
52.75999461538461,-1.2157123307692306,picking
52.76003846153846,-1.215818823076923,picking
52.76008230769231,-1.2159253153846152,picking
52.76012615384615,-1.2160318076923076,picking
52.760169999999995,-1.2161383,picking
52.76021605833333,-1.216241725,picking
52.76026211666667,-1.21634515,picking
52.760308175,-1.2164485749999998,picking
52.76035423333333,-1.2165519999999999,picking
52.76040029166666,-1.216655425,picking
52.760446349999995,-1.21675885,picking
52.760492408333334,-1.216862275,picking
52.76053846666667,-1.2169657,picking
52.760584525,-1.217069125,picking
52.76063058333334,-1.21717255,picking
52.76067664166667,-1.217275975,picking
52.7607227,-1.2173794,delivering
52.76067664166667,-1.217275975,delivering
52.76063058333334,-1.21717255,delivering
52.760584525,-1.217069125,delivering
52.76053846666667,-1.2169657,delivering
52.760492408333334,-1.216862275,delivering
52.760446349999995,-1.21675885,delivering
52.76040029166666,-1.216655425,delivering
52.76035423333333,-1.2165519999999999,delivering
52.760308175,-1.2164485749999998,delivering
52.76026211666667,-1.21634515,delivering
52.76021605833333,-1.216241725,delivering
52.760169999999995,-1.2161383,delivering
52.76012615384615,-1.2160318076923076,delivering
52.76008230769231,-1.2159253153846152,delivering
52.76003846153846,-1.215818823076923,delivering
52.75999461538461,-1.2157123307692306,delivering
52.75995076923077,-1.2156058384615382,delivering
52.759906923076926,-1.215499346153846,delivering
52.759863076923075,-1.2153928538461536,delivering
52.75981923076923,-1.2152863615384613,delivering
52.75977538461539,-1.215179869230769,delivering
52.759731538461544,-1.2150733769230766,delivering
52.75968769230769,-1.2149668846153843,delivering
52.75964384615385,-1.214860392307692,delivering
52.759600000000006,-1.2147538999999996,delivering
52.75966020526317,-1.2146710526315785,delivering
52.75972041052632,-1.2145882052631576,delivering
52.75978061578948,-1.2145053578947365,delivering
52.759840821052634,-1.2144225105263153,delivering
52.759901026315795,-1.2143396631578944,delivering
52.75996123157895,-1.2142568157894733,delivering
52.76002143684211,-1.2141739684210524,delivering
52.76008164210526,-1.2140911210526313,delivering
52.76014184736842,-1.2140082736842102,delivering
52.76020205263158,-1.2139254263157893,delivering
52.76026225789474,-1.2138425789473681,delivering
52.76032246315789,-1.213759731578947,delivering
52.76038266842105,-1.213676884210526,delivering
52.760442873684205,-1.213594036842105,delivering
52.760503078947366,-1.213511189473684,delivering
52.76056328421052,-1.213428342105263,delivering
52.76062348947368,-1.2133454947368418,delivering
52.760683694736834,-1.213262647368421,delivering
52.760743899999994,-1.2131797999999998,delivering
52.760807099999994,-1.2130881,delivering
52.760870299999986,-1.2129964000000002,delivering
52.760933499999986,-1.2129047000000004,delivering
52.76100799999999,-1.2127983666666666,delivering
52.76108249999999,-1.2126920333333329,delivering
52.761157,-1.212585699999999,delivering
52.76123935,-1.2124755999999994,delivering
52.761321699999996,-1.2123655,delivering
52.76138459999999,-1.2122813,delivering
52.761465599999994,-1.2122243666666666,delivering
52.761546599999996,-1.2121674333333334,delivering
52.7616276,-1.2121105,delivering
52.7616851,-1.2121402000000001,delivering
52.761763200000004,-1.2120680999999998,delivering
52.7618413,-1.2119959999999994,delivering
52.76185160000001,-1.2119496999999995,delivering
52.761931350000005,-1.2118865999999997,delivering
52.7620111,-1.2118235,delivering
52.76209085,-1.2117604000000004,delivering
52.7621706,-1.2116973000000006,delivering
52.76226333333333,-1.2116829000000007,delivering
52.76235606666666,-1.211668500000001,delivering
52.762448799999994,-1.211654100000001,delivering
52.762521979999995,-1.211626040000001,delivering
52.76259516,-1.2115979800000007,delivering
52.76266833999999,-1.2115699200000007,delivering
52.76274151999999,-1.2115418600000005,delivering
52.76281469999999,-1.2115138000000005,delivering
52.762887879999994,-1.2114857400000005,delivering
52.762961059999995,-1.2114576800000003,delivering
52.76303423999999,-1.2114296200000003,delivering
52.76310741999999,-1.21140156,delivering
52.76318059999999,-1.2113735,delivering
52.763249599999995,-1.2113185000000004,delivering
52.76331859999999,-1.211263500000001,delivering
52.763387599999994,-1.2112085000000012,delivering
52.76345582222222,-1.2111533888888901,delivering
52.76352404444444,-1.211098277777779,delivering
52.76359226666666,-1.211043166666668,delivering
52.76366048888888,-1.2109880555555568,delivering
52.763728711111106,-1.2109329444444454,delivering
52.763796933333325,-1.2108778333333343,delivering
52.76386515555555,-1.2108227222222232,delivering
52.76393337777777,-1.210767611111112,delivering
52.76400159999999,-1.210712500000001,delivering
52.764073866666656,-1.2106536250000008,delivering
52.76414613333333,-1.2105947500000007,delivering
52.76421839999999,-1.2105358750000006,delivering
52.76429066666666,-1.2104770000000005,delivering
52.764362933333324,-1.2104181250000003,delivering
52.764435199999994,-1.2103592500000002,delivering
52.76450746666666,-1.210300375,delivering
52.76457973333332,-1.2102415,delivering
52.76465199999999,-1.2101826249999998,delivering
52.764724266666654,-1.2101237499999997,delivering
52.764796533333325,-1.2100648749999996,delivering
52.76486879999999,-1.2100059999999995,delivering
52.76493716874999,-1.2099460624999996,delivering
52.76500553749999,-1.2098861249999997,delivering
52.76507390624999,-1.2098261874999996,delivering
52.76514227499999,-1.2097662499999997,delivering
52.765210643749995,-1.2097063124999998,delivering
52.765279012499995,-1.209646375,delivering
52.765347381249995,-1.2095864375,delivering
52.765415749999995,-1.2095265,delivering
52.765484118749995,-1.2094665625,delivering
52.765552487499995,-1.2094066250000002,delivering
52.765620856249996,-1.2093466875000003,delivering
52.765689225,-1.2092867500000004,delivering
52.76575759375,-1.2092268125000005,delivering
52.7658259625,-1.2091668750000004,delivering
52.76589433125,-1.2091069375000005,delivering
52.7659627,-1.2090470000000006,delivering
52.766041900000005,-1.2089723000000006,delivering
52.7661211,-1.2088976000000002,delivering
52.7662003,-1.2088229000000001,delivering
52.76627504,-1.2088555600000004,delivering
52.76634978,-1.2088882200000004,delivering
52.766424519999994,-1.2089208800000006,delivering
52.766499259999996,-1.2089535400000007,delivering
52.76657399999999,-1.208986200000001,delivering
52.76665136666666,-1.2090170000000007,delivering
52.76672873333333,-1.2090478000000007,delivering
52.7668061,-1.2090786000000004,delivering
52.76688346666666,-1.2091094000000002,delivering
52.766960833333336,-1.2091402000000002,delivering
52.7670382,-1.209171,delivering
52.76714859999999,-1.2092330000000011,delivering
52.76724959999999,-1.2092518000000005,delivering
52.76735059999999,-1.2092706,delivering
52.76741969999999,-1.2092072,delivering
52.767488799999995,-1.2091438,delivering
52.76755789999999,-1.2090804000000004,delivering
52.767627,-1.2090170000000005,delivering
52.767696099999995,-1.2089536000000005,delivering
52.7677652,-1.2088902000000006,delivering
52.7678343,-1.2088268000000006,delivering
52.767903399999994,-1.2087634000000007,delivering
52.7679725,-1.2087000000000008,delivering
52.7680416,-1.208636600000001,delivering
52.7681107,-1.2085732000000011,delivering
52.7681798,-1.2085098000000012,delivering
52.768242349999994,-1.2084389166666678,delivering
52.7683049,-1.2083680333333346,delivering
52.76836745,-1.2082971500000013,delivering
52.768429999999995,-1.2082262666666679,delivering
52.76849254999999,-1.2081553833333347,delivering
52.76855509999999,-1.2080845000000013,delivering
52.76859307222222,-1.20798048888889,delivering
52.76863104444444,-1.207876477777779,delivering
52.768669016666664,-1.2077724666666678,delivering
52.76870698888888,-1.2076684555555568,delivering
52.7687449611111,-1.2075644444444456,delivering
52.76878293333333,-1.2074604333333343,delivering
52.76882090555555,-1.2073564222222233,delivering
52.768858877777774,-1.207252411111112,delivering
52.76889684999999,-1.2071484000000008,delivering
52.768934822222214,-1.2070443888888898,delivering
52.76897279444444,-1.2069403777777785,delivering
52.76901076666666,-1.2068363666666675,delivering
52.769048738888884,-1.2067323555555562,delivering
52.76908671111111,-1.206628344444445,delivering
52.76912468333333,-1.206524333333334,delivering
52.76916265555555,-1.2064203222222227,delivering
52.76920062777777,-1.2063163111111117,delivering
52.769238599999994,-1.2062123000000005,delivering
52.769264899999996,-1.2061586000000004,delivering
52.7693253,-1.2060840480000004,delivering
52.769385699999994,-1.2060094960000003,delivering
52.769446099999996,-1.2059349440000005,delivering
52.7695065,-1.2058603920000004,delivering
52.769566899999994,-1.2057858400000003,delivering
52.769627299999996,-1.2057112880000003,delivering
52.76968769999999,-1.2056367360000004,delivering
52.769748099999994,-1.2055621840000004,delivering
52.769808499999996,-1.2054876320000003,delivering
52.76986889999999,-1.2054130800000002,delivering
52.769929299999994,-1.2053385280000004,delivering
52.769989699999996,-1.2052639760000003,delivering
52.77005009999999,-1.2051894240000003,delivering
52.770110499999994,-1.2051148720000002,delivering
52.7701709,-1.2050403200000004,delivering
52.77023129999999,-1.2049657680000003,delivering
52.770291699999994,-1.2048912160000003,delivering
52.7703521,-1.2048166640000002,delivering
52.77041249999999,-1.2047421120000004,delivering
52.770472899999994,-1.2046675600000003,delivering
52.77053329999999,-1.2045930080000002,delivering
52.77059369999999,-1.2045184560000002,delivering
52.770654099999994,-1.2044439040000003,delivering
52.77071449999999,-1.2043693520000003,delivering
52.77077489999999,-1.2042948000000002,delivering
52.77083858333333,-1.2043710833333334,delivering
52.77090226666666,-1.2044473666666669,delivering
52.77096594999999,-1.20452365,delivering
52.77102963333333,-1.2045999333333335,delivering
52.771093316666665,-1.2046762166666667,delivering
52.771156999999995,-1.2047525000000001,delivering
52.771220683333325,-1.2048287833333333,delivering
52.77128436666666,-1.2049050666666667,delivering
52.77134805,-1.20498135,delivering
52.77141173333333,-1.2050576333333332,delivering
52.77147541666667,-1.2051339166666666,delivering
52.7715391,-1.2052101999999998,delivering
52.771602783333336,-1.2052864833333332,delivering
52.771666466666666,-1.2053627666666664,delivering
52.771730149999996,-1.2054390499999998,delivering
52.771793833333334,-1.205515333333333,delivering
52.77185751666667,-1.2055916166666665,delivering
52.7719212,-1.2056678999999997,delivering
52.771963595,-1.2055606849999998,delivering
52.77200599,-1.2054534699999997,delivering
52.772048385,-1.2053462549999998,delivering
52.77209078,-1.20523904,delivering
52.772133175,-1.205131825,delivering
52.77217557,-1.20502461,delivering
52.772217964999996,-1.204917395,delivering
52.77226036,-1.2048101800000002,delivering
52.772302755,-1.204702965,delivering
52.77234514999999,-1.2045957500000002,delivering
52.772387544999994,-1.2044885350000003,delivering
52.772429939999995,-1.2043813200000002,delivering
52.772472334999996,-1.2042741050000003,delivering
52.77251473,-1.2041668900000004,delivering
52.77255712499999,-1.2040596750000003,delivering
52.77259951999999,-1.2039524600000004,delivering
52.772641914999994,-1.2038452450000006,delivering
52.77268430999999,-1.2037380300000007,delivering
52.77272670499999,-1.2036308150000006,delivering
52.77276909999999,-1.2035236000000007,delivering
52.7728148,-1.2034202000000003,delivering
52.77286681818182,-1.2033307181818185,delivering
52.77291883636364,-1.2032412363636367,delivering
52.772970854545456,-1.2031517545454549,delivering
52.773022872727275,-1.203062272727273,delivering
52.77307489090909,-1.2029727909090913,delivering
52.77312690909091,-1.2028833090909097,delivering
52.77317892727273,-1.2027938272727279,delivering
52.77323094545455,-1.202704345454546,delivering
52.77328296363637,-1.2026148636363643,delivering
52.77333498181819,-1.2025253818181825,delivering
52.77338700000001,-1.2024359000000007,delivering
52.773457900000004,-1.2023280000000005,delivering
52.773405025,-1.2022304500000007,delivering
52.773352149999994,-1.202132900000001,delivering
52.77329927499999,-1.2020353500000012,delivering
52.77324639999999,-1.2019378000000014,delivering
52.77331065714285,-1.201870742857144,delivering
52.77337491428571,-1.2018036857142869,delivering
52.77343917142857,-1.2017366285714295,delivering
52.77350342857143,-1.2016695714285721,delivering
52.77356768571429,-1.2016025142857147,delivering
52.77363194285715,-1.2015354571428576,delivering
52.77369620000001,-1.2014684000000002,delivering
52.773661566666675,-1.2013561500000003,delivering
52.77362693333334,-1.2012439000000004,delivering
52.773592300000004,-1.2011316500000007,delivering
52.77355766666667,-1.2010194000000007,delivering
52.77352303333333,-1.2009071500000008,delivering
52.7734884,-1.2007949000000009,delivering
52.7735536,-1.2007390428571436,delivering
52.7736188,-1.2006831857142863,delivering
52.773684,-1.200627328571429,delivering
52.773749200000005,-1.2005714714285716,delivering
52.773814400000006,-1.2005156142857143,delivering
52.77387960000001,-1.200459757142857,delivering
52.77394480000001,-1.2004038999999997,picking
52.77387960000001,-1.200459757142857,picking
52.773814400000006,-1.2005156142857143,picking
52.773749200000005,-1.2005714714285716,picking
52.773684,-1.200627328571429,picking
52.7736188,-1.2006831857142863,picking
52.7735536,-1.2007390428571436,picking
52.7734884,-1.2007949000000009,picking
52.77352303333333,-1.2009071500000008,picking
52.77355766666667,-1.2010194000000007,picking
52.773592300000004,-1.2011316500000007,picking
52.77362693333334,-1.2012439000000004,picking
52.773661566666675,-1.2013561500000003,picking
52.77369620000001,-1.2014684000000002,picking
52.77363194285715,-1.2015354571428576,picking
52.77356768571429,-1.2016025142857147,picking
52.77350342857143,-1.2016695714285721,picking
52.77343917142857,-1.2017366285714295,picking
52.77337491428571,-1.2018036857142869,picking
52.77331065714285,-1.201870742857144,picking
52.77324639999999,-1.2019378000000014,picking
52.77319502857142,-1.201842185714287,picking
52.77314365714285,-1.2017465714285727,picking
52.773092285714284,-1.2016509571428582,picking
52.77304091428571,-1.201555342857144,picking
52.77298954285714,-1.2014597285714295,picking
52.77293817142857,-1.2013641142857152,picking
52.7728868,-1.2012685000000007,picking
52.772835,-1.2011792000000008,picking
52.77278319999999,-1.2010899000000006,picking
52.77273139999999,-1.2010006000000004,picking
52.77267959999999,-1.2009113000000005,picking
52.772599433333326,-1.2009850333333336,picking
52.77251926666666,-1.2010587666666666,picking
52.7724391,-1.2011324999999997,picking
52.77237906,-1.2012177999999998,picking
52.77231902,-1.2013030999999996,picking
52.772258980000004,-1.2013883999999995,picking
52.77219894,-1.2014736999999995,picking
52.7721389,-1.2015589999999996,picking
52.77207886,-1.2016442999999994,picking
52.77201882,-1.2017295999999993,picking
52.771958780000006,-1.2018148999999994,picking
52.771898740000005,-1.2019001999999994,picking
52.7718387,-1.2019854999999993,picking
52.771776675,-1.2020498249999998,picking
52.77171465,-1.2021141500000003,picking
52.771652625,-1.2021784750000009,picking
52.771590599999996,-1.2022428000000014,picking
52.77151523636363,-1.2022438181818196,picking
52.77143987272727,-1.2022448363636375,picking
52.77136450909091,-1.2022458545454557,picking
52.771289145454546,-1.202246872727274,picking
52.77121378181818,-1.2022478909090921,picking
52.77113841818181,-1.20224890909091,picking
52.77106305454545,-1.2022499272727283,picking
52.77098769090909,-1.2022509454545465,picking
52.770912327272725,-1.2022519636363647,picking
52.77083696363636,-1.2022529818181826,picking
52.7707616,-1.2022540000000008,picking
52.770693599999994,-1.2023126500000005,picking
52.77062559999999,-1.2023713000000003,picking
52.77056515999999,-1.2024496000000002,picking
52.77050471999999,-1.2025279000000004,picking
52.77044427999999,-1.2026062000000004,picking
52.770383839999994,-1.2026845000000006,picking
52.770323399999995,-1.2027628000000006,picking
52.7702214,-1.2029306000000004,picking
52.7701744,-1.2030090000000015,picking
52.770130249999994,-1.2031269000000009,picking
52.77008609999999,-1.2032448,picking
52.7700223,-1.2033524999999998,picking
52.769973433333334,-1.2034585666666666,picking
52.76992456666667,-1.2035646333333336,picking
52.7698757,-1.2036707000000004,picking
52.769828704761906,-1.2037668761904765,picking
52.76978170952381,-1.2038630523809526,picking
52.76973471428571,-1.203959228571429,picking
52.76968771904762,-1.204055404761905,picking
52.76964072380952,-1.204151580952381,picking
52.76959372857143,-1.2042477571428571,picking
52.769546733333335,-1.2043439333333334,picking
52.769499738095234,-1.2044401095238095,picking
52.76945274285714,-1.2045362857142856,picking
52.76940574761905,-1.2046324619047617,picking
52.76935875238095,-1.204728638095238,picking
52.76931175714286,-1.204824814285714,picking
52.769264761904765,-1.2049209904761902,picking
52.769217766666664,-1.2050171666666663,picking
52.76917077142857,-1.2051133428571426,picking
52.769123776190476,-1.2052095190476186,picking
52.76907678095238,-1.2053056952380947,picking
52.76902978571429,-1.2054018714285708,picking
52.76898279047619,-1.205498047619047,picking
52.76893579523809,-1.2055942238095232,picking
52.7688888,-1.2056903999999993,picking
52.76886284999999,-1.2058513999999996,picking
52.76883689999998,-1.2060123999999999,picking
52.76879816666665,-1.2061205249999998,picking
52.768759433333315,-1.20622865,picking
52.76872069999999,-1.2063367749999998,picking
52.768681966666655,-1.2064448999999997,picking
52.76864323333332,-1.2065530249999998,picking
52.768604499999995,-1.2066611499999997,picking
52.76856576666666,-1.2067692749999996,picking
52.76852703333333,-1.2068773999999998,picking
52.768488299999994,-1.2069855249999997,picking
52.76844956666666,-1.2070936499999996,picking
52.768410833333334,-1.2072017749999997,picking
52.7683721,-1.2073098999999996,picking
52.768300975,-1.2073967749999999,picking
52.76822985,-1.2074836500000001,picking
52.768158725,-1.2075705250000004,picking
52.7680876,-1.2076574000000007,picking
52.768018966666666,-1.2077167333333343,picking
52.767950333333324,-1.2077760666666677,picking
52.76788169999999,-1.2078354000000013,picking
52.76780612499999,-1.2079068000000013,picking
52.767730549999996,-1.2079782000000012,picking
52.767654975,-1.208049600000001,picking
52.7675794,-1.2081210000000009,picking
52.76750988888889,-1.2081852333333343,picking
52.76744037777778,-1.2082494666666674,picking
52.76737086666667,-1.2083137000000008,picking
52.76730135555555,-1.208377933333334,picking
52.767231844444446,-1.2084421666666674,picking
52.76716233333333,-1.2085064000000005,picking
52.76709282222222,-1.208570633333334,picking
52.76702331111111,-1.208634866666667,picking
52.766953799999996,-1.2086991000000005,picking
52.76696786666666,-1.2087777500000003,picking
52.766981933333334,-1.2088564000000004,picking
52.766996,-1.2089350500000002,picking
52.767010066666664,-1.2090137,picking
52.76702413333334,-1.2090923500000001,picking
52.7670382,-1.209171,picking
52.76714859999999,-1.2092330000000011,picking
52.7671687,-1.209363750000001,picking
52.7671888,-1.2094945000000006,picking
52.76714342352941,-1.2096010176470593,picking
52.76709804705882,-1.2097075352941182,picking
52.767052670588235,-1.209814052941177,picking
52.76700729411765,-1.2099205705882359,picking
52.76696191764706,-1.2100270882352946,picking
52.76691654117647,-1.2101336058823533,picking
52.76687116470588,-1.2102401235294122,picking
52.766825788235295,-1.210346641176471,picking
52.7667804117647,-1.2104531588235299,picking
52.76673503529411,-1.2105596764705886,picking
52.76668965882352,-1.2106661941176475,picking
52.766644282352935,-1.2107727117647062,picking
52.76659890588235,-1.210879229411765,picking
52.76655352941176,-1.210985747058824,picking
52.76650815294117,-1.2110922647058826,picking
52.76646277647058,-1.2111987823529415,picking
52.766417399999995,-1.2113053000000003,picking
52.766376394999995,-1.2114156450000002,picking
52.766335389999995,-1.2115259900000004,picking
52.766294384999995,-1.2116363350000006,picking
52.766253379999995,-1.2117466800000005,picking
52.766212374999995,-1.2118570250000005,picking
52.766171369999995,-1.2119673700000007,picking
52.766130364999995,-1.2120777150000008,picking
52.766089359999995,-1.2121880600000008,picking
52.766048354999995,-1.2122984050000007,picking
52.766007349999995,-1.212408750000001,picking
52.765966345,-1.212519095000001,picking
52.76592534,-1.212629440000001,picking
52.765884335,-1.212739785000001,picking
52.76584333,-1.2128501300000012,picking
52.765802325,-1.2129604750000014,picking
52.76576132,-1.2130708200000013,picking
52.765720315,-1.2131811650000013,picking
52.76567931,-1.2132915100000015,picking
52.765638305,-1.2134018550000016,picking
52.7655973,-1.2135122000000016,picking
52.765548300000006,-1.2136240500000015,picking
52.7654993,-1.2137359000000014,picking
52.7654503,-1.2138477500000011,picking
52.7654013,-1.213959600000001,picking
52.7653523,-1.214071450000001,picking
52.7653033,-1.2141833000000009,picking
52.7652675,-1.2143015615384625,picking
52.7652317,-1.214419823076924,picking
52.7651959,-1.2145380846153855,picking
52.765160099999996,-1.214656346153847,picking
52.7651243,-1.2147746076923087,picking
52.7650885,-1.2148928692307703,picking
52.7650527,-1.2150111307692317,picking
52.7650169,-1.2151293923076933,picking
52.7649811,-1.215247653846155,picking
52.764945299999994,-1.2153659153846166,picking
52.764909499999995,-1.215484176923078,picking
52.764873699999995,-1.2156024384615396,picking
52.764837899999996,-1.2157207000000012,picking
52.76480766315789,-1.2158339421052642,picking
52.76477742631579,-1.2159471842105274,picking
52.76474718947368,-1.2160604263157904,picking
52.764716952631574,-1.2161736684210533,picking
52.76468671578947,-1.2162869105263165,picking
52.764656478947366,-1.2164001526315795,picking
52.76462624210526,-1.2165133947368427,picking
52.76459600526316,-1.2166266368421057,picking
52.76456576842105,-1.2167398789473687,picking
52.76453553157894,-1.2168531210526319,picking
52.764505294736836,-1.2169663631578949,picking
52.764475057894735,-1.2170796052631578,picking
52.76444482105263,-1.217192847368421,picking
52.76441458421052,-1.217306089473684,picking
52.76438434736842,-1.2174193315789472,picking
52.76435411052631,-1.2175325736842102,picking
52.764323873684205,-1.2176458157894732,picking
52.764293636842105,-1.2177590578947364,picking
52.7642634,-1.2178722999999994,picking
52.76423940000001,-1.2178818000000007,picking
52.764179150000004,-1.2180035000000005,picking
52.7641189,-1.2181252,delivering
52.764137799999986,-1.2182896000000007,delivering
52.764232199999995,-1.2183635500000003,delivering
52.764326600000004,-1.2184375,delivering
52.764345399999996,-1.2184293000000015,delivering
52.764420675,-1.2184908250000013,delivering
52.76449595,-1.2185523500000008,delivering
52.76457122499999,-1.2186138750000004,delivering
52.76464649999999,-1.2186754000000002,delivering
52.76470661866666,-1.2187516760000001,delivering
52.764766737333325,-1.2188279520000003,delivering
52.76482685599999,-1.2189042280000002,delivering
52.76488697466666,-1.2189805040000001,delivering
52.764947093333326,-1.2190567800000003,delivering
52.76500721199999,-1.2191330560000002,delivering
52.76506733066666,-1.2192093320000001,delivering
52.76512744933333,-1.2192856080000003,delivering
52.765187567999995,-1.2193618840000002,delivering
52.76524768666666,-1.2194381600000002,delivering
52.76530780533333,-1.2195144360000003,delivering
52.765367923999996,-1.2195907120000002,delivering
52.765428042666656,-1.2196669880000002,delivering
52.76548816133332,-1.2197432640000003,delivering
52.76554827999999,-1.2198195400000003,delivering
52.76560839866666,-1.2198958160000002,delivering
52.765668517333324,-1.2199720920000003,delivering
52.76572863599999,-1.2200483680000003,delivering
52.76578875466666,-1.2201246440000002,delivering
52.765848873333326,-1.2202009200000004,delivering
52.76590899199999,-1.2202771960000003,delivering
52.76596911066666,-1.2203534720000002,delivering
52.76602922933333,-1.2204297480000004,delivering
52.766089347999994,-1.2205060240000003,delivering
52.76614946666666,-1.2205823000000002,delivering
52.76620958533333,-1.2206585760000004,delivering
52.766269703999995,-1.2207348520000003,delivering
52.76632982266666,-1.2208111280000002,delivering
52.76638994133333,-1.2208874040000004,delivering
52.76645006,-1.2209636800000003,delivering
52.766510178666664,-1.2210399560000003,delivering
52.76657029733333,-1.2211162320000004,delivering
52.766630416,-1.2211925080000003,delivering
52.766690534666665,-1.2212687840000003,delivering
52.76675065333333,-1.2213450600000004,delivering
52.766810772,-1.2214213360000004,delivering
52.76687089066667,-1.2214976120000003,delivering
52.76693100933333,-1.2215738880000004,delivering
52.766991127999994,-1.2216501640000004,delivering
52.76705124666666,-1.2217264400000003,delivering
52.76711136533333,-1.2218027160000005,delivering
52.767171483999995,-1.2218789920000004,delivering
52.76723160266666,-1.2219552680000003,delivering
52.76729172133333,-1.2220315440000005,delivering
52.767351839999996,-1.2221078200000004,delivering
52.76741195866666,-1.2221840960000003,delivering
52.76747207733333,-1.2222603720000005,delivering
52.767532196,-1.2223366480000004,delivering
52.767592314666665,-1.2224129240000003,delivering
52.76765243333333,-1.2224892000000005,delivering
52.767712552,-1.2225654760000004,delivering
52.767772670666666,-1.2226417520000004,delivering
52.76783278933333,-1.2227180280000005,delivering
52.767892908,-1.2227943040000004,delivering
52.76795302666667,-1.2228705800000004,delivering
52.768013145333335,-1.2229468560000005,delivering
52.768073264,-1.2230231320000005,delivering
52.76813338266667,-1.2230994080000004,delivering
52.768193501333336,-1.2231756840000005,delivering
52.76825362,-1.2232519600000005,delivering
52.76831373866667,-1.2233282360000004,delivering
52.76837385733334,-1.2234045120000006,delivering
52.768433976,-1.2234807880000005,delivering
52.768494094666664,-1.2235570640000004,delivering
52.76855421333333,-1.2236333400000006,delivering
52.768614332,-1.2237096160000005,delivering
52.768674450666666,-1.2237858920000004,delivering
52.76873456933333,-1.2238621680000006,delivering
52.768794688,-1.2239384440000005,delivering
52.76885480666667,-1.2240147200000004,delivering
52.768914925333334,-1.2240909960000006,delivering
52.768975044,-1.2241672720000005,delivering
52.76903516266667,-1.2242435480000005,delivering
52.769095281333335,-1.2243198240000006,delivering
52.7691554,-1.2243961000000005,delivering
52.769217966666666,-1.2244724333333334,delivering
52.76928053333334,-1.2245487666666666,delivering
52.7693431,-1.2246250999999995,delivering
52.76940746,-1.2246933199999996,delivering
52.76947182,-1.2247615399999996,delivering
52.769536179999996,-1.2248297599999998,delivering
52.76960054,-1.2248979799999997,delivering
52.769664899999995,-1.2249662,delivering
52.76972925999999,-1.22503442,delivering
52.769793619999994,-1.22510264,delivering
52.76985797999999,-1.2251708600000002,delivering
52.769922339999994,-1.2252390800000001,delivering
52.76998669999999,-1.2253073000000003,delivering
52.77004489999999,-1.2253905500000002,delivering
52.77010309999999,-1.2254738000000003,delivering
52.77016129999999,-1.2255570500000001,delivering
52.77021949999999,-1.2256403,delivering
52.770277699999994,-1.22572355,delivering
52.77033589999999,-1.2258068,delivering
52.77034940000001,-1.2258505999999996,delivering
52.77041375,-1.2259046749999996,delivering
52.770478100000005,-1.2259587499999995,delivering
52.77054245000001,-1.2260128249999995,delivering
52.7706068,-1.2260668999999995,delivering
52.7706964,-1.226024,delivering
52.7707202,-1.22590558,delivering
52.770744,-1.2257871600000003,delivering
52.7707678,-1.2256687400000004,delivering
52.7707916,-1.2255503200000006,delivering
52.770815400000004,-1.2254319000000007,delivering
52.77080279999999,-1.2253955999999995,delivering
52.77079214,-1.2252672799999995,delivering
52.77078148,-1.2251389599999998,delivering
52.77077082,-1.2250106399999998,delivering
52.77076016,-1.22488232,delivering
52.77074950000001,-1.2247540000000001,delivering
52.77078139574469,-1.2246421787234043,delivering
52.77081329148937,-1.2245303574468087,delivering
52.77084518723405,-1.224418536170213,delivering
52.77087708297873,-1.224306714893617,delivering
52.77090897872341,-1.2241948936170215,delivering
52.77094087446809,-1.2240830723404257,delivering
52.77097277021277,-1.22397125106383,delivering
52.771004665957456,-1.2238594297872343,delivering
52.77103656170213,-1.2237476085106385,delivering
52.771068457446816,-1.2236357872340429,delivering
52.77110035319149,-1.223523965957447,delivering
52.771132248936176,-1.2234121446808512,delivering
52.77116414468085,-1.2233003234042557,delivering
52.77119604042554,-1.2231885021276598,delivering
52.77122793617022,-1.223076680851064,delivering
52.7712598319149,-1.2229648595744684,delivering
52.77129172765958,-1.2228530382978726,delivering
52.77132362340426,-1.222741217021277,delivering
52.77135551914894,-1.2226293957446812,delivering
52.77138741489362,-1.2225175744680854,delivering
52.7714193106383,-1.2224057531914898,delivering
52.771451206382984,-1.222293931914894,delivering
52.77148310212766,-1.2221821106382982,delivering
52.771514997872345,-1.2220702893617026,delivering
52.77154689361702,-1.2219584680851068,delivering
52.771578789361705,-1.221846646808511,delivering
52.77161068510639,-1.2217348255319154,delivering
52.771642580851065,-1.2216230042553196,delivering
52.77167447659575,-1.2215111829787237,delivering
52.771706372340425,-1.2213993617021282,delivering
52.77173826808511,-1.2212875404255323,delivering
52.771770163829785,-1.2211757191489367,delivering
52.77180205957447,-1.221063897872341,delivering
52.77183395531915,-1.2209520765957451,delivering
52.77186585106383,-1.2208402553191495,delivering
52.77189774680851,-1.2207284340425537,delivering
52.77192964255319,-1.220616612765958,delivering
52.77196153829787,-1.2205047914893623,delivering
52.77199343404255,-1.2203929702127665,delivering
52.77202532978723,-1.2202811489361707,delivering
52.77205722553192,-1.220169327659575,delivering
52.77208912127659,-1.2200575063829793,delivering
52.77212101702128,-1.2199456851063837,delivering
52.772152912765954,-1.2198338638297879,delivering
52.77218480851064,-1.219722042553192,delivering
52.772216704255314,-1.2196102212765965,delivering
52.7722486,-1.2194984000000006,delivering
52.772313749999995,-1.2195842750000006,delivering
52.7723789,-1.2196701500000007,delivering
52.77244405,-1.2197560250000006,delivering
52.7725092,-1.2198419000000005,delivering
52.77257435,-1.2199277750000004,delivering
52.7726395,-1.2200136500000003,delivering
52.77270465,-1.2200995250000004,delivering
52.7727698,-1.2201854000000003,delivering
52.772819605882354,-1.2200917176470591,delivering
52.7728694117647,-1.219998035294118,delivering
52.77291921764706,-1.2199043529411768,delivering
52.77296902352941,-1.2198106705882357,delivering
52.77301882941177,-1.2197169882352945,delivering
52.773068635294116,-1.2196233058823533,delivering
52.77311844117647,-1.2195296235294122,delivering
52.77316824705883,-1.219435941176471,delivering
52.773218052941175,-1.2193422588235299,delivering
52.77326785882353,-1.2192485764705887,delivering
52.773317664705885,-1.2191548941176475,delivering
52.773367470588234,-1.2190612117647064,delivering
52.77341727647059,-1.2189675294117652,delivering
52.773467082352944,-1.218873847058824,delivering
52.7735168882353,-1.218780164705883,delivering
52.77356669411765,-1.2186864823529417,delivering
52.7736165,-1.2185928000000006,delivering
52.7736693,-1.2186970200000007,delivering
52.7737221,-1.2188012400000008,delivering
52.77377489999999,-1.218905460000001,delivering
52.77382769999999,-1.2190096800000012,delivering
52.77388049999999,-1.2191139000000013,delivering
52.77394138124999,-1.2190333437500012,delivering
52.77400226249999,-1.218952787500001,delivering
52.77406314374999,-1.218872231250001,delivering
52.77412402499999,-1.218791675000001,delivering
52.77418490624999,-1.2187111187500008,delivering
52.77424578749999,-1.2186305625000007,delivering
52.77430666874999,-1.2185500062500005,delivering
52.774367549999994,-1.2184694500000006,delivering
52.774428431249994,-1.2183888937500005,delivering
52.774489312499995,-1.2183083375000003,delivering
52.774550193749995,-1.2182277812500002,delivering
52.774611074999996,-1.218147225,delivering
52.774671956249996,-1.21806666875,delivering
52.7747328375,-1.2179861125,delivering
52.77479371875,-1.2179055562499999,delivering
52.7748546,-1.2178249999999997,delivering
52.774916293103445,-1.2177605758620687,delivering
52.77497798620689,-1.2176961517241378,delivering
52.775039679310346,-1.2176317275862067,delivering
52.77510137241379,-1.2175673034482757,delivering
52.77516306551724,-1.2175028793103446,delivering
52.77522475862069,-1.2174384551724138,delivering
52.775286451724135,-1.2173740310344827,delivering
52.77534814482759,-1.2173096068965517,delivering
52.775409837931036,-1.2172451827586206,delivering
52.77547153103448,-1.2171807586206898,delivering
52.77553322413793,-1.2171163344827587,delivering
52.77559491724138,-1.2170519103448276,delivering
52.77565661034483,-1.2169874862068968,delivering
52.77571830344828,-1.2169230620689657,delivering
52.77577999655173,-1.2168586379310347,delivering
52.775841689655174,-1.2167942137931036,delivering
52.77590338275863,-1.2167297896551728,delivering
52.775965075862075,-1.2166653655172417,delivering
52.77602676896552,-1.2166009413793106,delivering
52.77608846206897,-1.2165365172413798,delivering
52.77615015517242,-1.2164720931034487,delivering
52.77621184827587,-1.2164076689655177,delivering
52.77627354137932,-1.2163432448275866,delivering
52.776335234482765,-1.2162788206896558,delivering
52.77639692758621,-1.2162143965517247,delivering
52.77645862068966,-1.2161499724137936,delivering
52.776520313793114,-1.2160855482758626,delivering
52.77658200689656,-1.2160211241379317,delivering
52.77664370000001,-1.2159567000000007,delivering
52.776685400000005,-1.2161422999999993,delivering
52.7767304125,-1.2162438874999997,delivering
52.776775425000004,-1.2163454749999998,delivering
52.7768204375,-1.2164470625,delivering
52.77686545,-1.2165486500000002,delivering
52.7769104625,-1.2166502375000006,delivering
52.776955474999994,-1.2167518250000007,delivering
52.7770004875,-1.2168534125000008,delivering
52.77704549999999,-1.2169550000000011,delivering
52.77711629999999,-1.2170753500000009,delivering
52.777187099999985,-1.2171957000000007,delivering
52.777247516666655,-1.2172754916666673,delivering
52.77730793333332,-1.217355283333334,delivering
52.77736834999999,-1.2174350750000007,delivering
52.77742876666665,-1.2175148666666673,delivering
52.77748918333332,-1.2175946583333341,delivering
52.777549599999986,-1.2176744500000007,delivering
52.77761001666666,-1.2177542416666673,delivering
52.77767043333333,-1.2178340333333342,delivering
52.77773084999999,-1.2179138250000008,delivering
52.77779126666666,-1.2179936166666674,delivering
52.777851683333324,-1.2180734083333342,delivering
52.777912099999995,-1.2181532000000008,delivering
52.77797421111111,-1.2182285555555563,delivering
52.77803632222221,-1.2183039111111118,delivering
52.77809843333333,-1.2183792666666673,delivering
52.77816054444444,-1.2184546222222228,delivering
52.778222655555545,-1.218529977777778,delivering
52.77828476666666,-1.2186053333333335,delivering
52.77834687777777,-1.218680688888889,delivering
52.77840898888888,-1.2187560444444445,delivering
52.77847109999999,-1.2188314,delivering
52.7785687,-1.2189646999999997,delivering
52.778629366666664,-1.219053233333333,delivering
52.77869003333333,-1.2191417666666664,delivering
52.778750699999996,-1.2192302999999998,delivering
52.778811366666666,-1.2193188333333331,delivering
52.77887203333333,-1.2194073666666667,delivering
52.7789327,-1.2194959,delivering
52.77899336666666,-1.2195844333333334,delivering
52.77905403333333,-1.2196729666666668,delivering
52.779114699999994,-1.2197615000000002,delivering
52.779194999999994,-1.2198817000000002,delivering
52.779296399999986,-1.2200339000000016,delivering
52.77935982222221,-1.2201228000000015,delivering
52.77942324444443,-1.2202117000000015,delivering
52.779486666666656,-1.2203006000000012,delivering
52.779550088888875,-1.2203895000000011,delivering
52.7796135111111,-1.220478400000001,delivering
52.77967693333332,-1.220567300000001,delivering
52.779740355555546,-1.2206562000000007,delivering
52.779803777777765,-1.2207451000000007,delivering
52.77986719999999,-1.2208340000000006,delivering
52.779914299999994,-1.2209079000000005,delivering
52.77995401249999,-1.2210125750000005,delivering
52.779993725,-1.2211172500000005,delivering
52.780033437499995,-1.2212219250000005,delivering
52.78007314999999,-1.2213266000000005,delivering
52.7801128625,-1.2214312750000005,delivering
52.780152574999995,-1.2215359500000005,delivering
52.78019228749999,-1.2216406250000005,delivering
52.780232,-1.2217453000000005,delivering
52.780271712499996,-1.2218499750000005,delivering
52.780311424999994,-1.2219546500000005,delivering
52.7803511375,-1.2220593250000005,delivering
52.780390849999996,-1.2221640000000005,delivering
52.780430562499994,-1.2222686750000005,delivering
52.780470275,-1.2223733500000005,delivering
52.7805099875,-1.2224780250000005,delivering
52.780549699999995,-1.2225827000000005,delivering
52.7805894125,-1.2226873750000005,delivering
52.780629125,-1.2227920500000005,delivering
52.780668837499995,-1.2228967250000005,delivering
52.78070855,-1.2230014000000005,delivering
52.7807482625,-1.2231060750000005,delivering
52.780787974999996,-1.2232107500000005,delivering
52.7808276875,-1.2233154250000005,delivering
52.7808674,-1.2234201000000007,delivering
52.780907112499996,-1.2235247750000007,delivering
52.780946825,-1.2236294500000007,delivering
52.7809865375,-1.2237341250000007,delivering
52.78102625,-1.2238388000000007,delivering
52.7810659625,-1.2239434750000007,delivering
52.781105675,-1.2240481500000007,delivering
52.7811453875,-1.2241528250000007,delivering
52.7811851,-1.2242575000000007,delivering
52.7812248125,-1.2243621750000007,delivering
52.781264525,-1.2244668500000007,delivering
52.7813042375,-1.2245715250000007,delivering
52.78134395,-1.2246762000000007,delivering
52.7813836625,-1.2247808750000007,delivering
52.781423375,-1.2248855500000007,delivering
52.7814630875,-1.2249902250000007,delivering
52.7815028,-1.2250949000000007,delivering
52.7815425125,-1.2251995750000007,delivering
52.781582225,-1.2253042500000006,delivering
52.7816219375,-1.2254089250000006,delivering
52.781661650000004,-1.2255136000000006,delivering
52.7817013625,-1.2256182750000006,delivering
52.781741075,-1.2257229500000006,delivering
52.781780787500004,-1.2258276250000006,delivering
52.7818205,-1.2259323000000006,delivering
52.781838,-1.2260544750000006,delivering
52.7818555,-1.2261766500000004,delivering
52.781873,-1.2262988250000004,delivering
52.781890499999996,-1.2264210000000002,delivering
52.781907999999994,-1.2265431750000002,delivering
52.78192549999999,-1.2266653500000002,delivering
52.78194299999999,-1.226787525,delivering
52.78196049999999,-1.2269097,delivering
52.78195240000001,-1.2270815,delivering
52.781907100000005,-1.2271895714285714,delivering
52.78186180000001,-1.2272976428571432,delivering
52.781816500000005,-1.2274057142857147,delivering
52.7817712,-1.2275137857142864,delivering
52.7817259,-1.2276218571428579,delivering
52.7816806,-1.2277299285714296,delivering
52.7816353,-1.227838000000001,delivering
52.78157281666667,-1.2279234166666675,delivering
52.78151033333333,-1.2280088333333339,delivering
52.78144785,-1.2280942500000003,delivering
52.78138536666667,-1.228179666666667,delivering
52.78132288333333,-1.2282650833333333,delivering
52.7812604,-1.2283504999999997,delivering
52.7813109,-1.228445292307692,delivering
52.7813614,-1.2285400846153844,delivering
52.781411899999995,-1.2286348769230768,delivering
52.781462399999995,-1.2287296692307694,delivering
52.781512899999996,-1.2288244615384618,delivering
52.781563399999996,-1.2289192538461542,delivering
52.78161389999999,-1.2290140461538466,delivering
52.78166439999999,-1.229108838461539,delivering
52.78171489999999,-1.2292036307692313,delivering
52.78176539999999,-1.229298423076924,delivering
52.781815899999984,-1.2293932153846163,delivering
52.781866399999984,-1.2294880076923087,delivering
52.781916899999985,-1.229582800000001,delivering
52.78199086249999,-1.229517325000001,delivering
52.782064824999985,-1.2294518500000011,delivering
52.78213878749999,-1.2293863750000011,delivering
52.782212749999985,-1.2293209000000012,delivering
52.78228671249999,-1.2292554250000014,delivering
52.78236067499999,-1.2291899500000014,delivering
52.78243463749999,-1.2291244750000014,delivering
52.78250859999999,-1.2290590000000015,delivering
52.78254917499999,-1.2291726000000014,delivering
52.78258975,-1.2292862000000013,delivering
52.782630325,-1.2293998000000013,delivering
52.7826709,-1.2295134000000012,delivering
52.782711475,-1.2296270000000011,delivering
52.78275205,-1.229740600000001,delivering
52.782792625000006,-1.229854200000001,delivering
52.782833200000006,-1.229967800000001,picking
52.782792625000006,-1.229854200000001,picking
52.78275205,-1.229740600000001,picking
52.782711475,-1.2296270000000011,picking
52.7826709,-1.2295134000000012,picking
52.782630325,-1.2293998000000013,picking
52.78258975,-1.2292862000000013,picking
52.78254917499999,-1.2291726000000014,picking
52.78250859999999,-1.2290590000000015,picking
52.78243463749999,-1.2291244750000014,picking
52.78236067499999,-1.2291899500000014,picking
52.78228671249999,-1.2292554250000014,picking
52.782212749999985,-1.2293209000000012,picking
52.78213878749999,-1.2293863750000011,picking
52.782064824999985,-1.2294518500000011,picking
52.78199086249999,-1.229517325000001,picking
52.781916899999985,-1.229582800000001,picking
52.781866399999984,-1.2294880076923087,picking
52.781815899999984,-1.2293932153846163,picking
52.78176539999999,-1.229298423076924,picking
52.78171489999999,-1.2292036307692313,picking
52.78166439999999,-1.229108838461539,picking
52.78161389999999,-1.2290140461538466,picking
52.781563399999996,-1.2289192538461542,picking
52.781512899999996,-1.2288244615384618,picking
52.781462399999995,-1.2287296692307694,picking
52.781411899999995,-1.2286348769230768,picking
52.7813614,-1.2285400846153844,picking
52.7813109,-1.228445292307692,picking
52.7812604,-1.2283504999999997,picking
52.78132288333333,-1.2282650833333333,picking
52.78138536666667,-1.228179666666667,picking
52.78144785,-1.2280942500000003,picking
52.78151033333333,-1.2280088333333339,picking
52.78157281666667,-1.2279234166666675,picking
52.7816353,-1.227838000000001,picking
52.78171188571429,-1.2277936857142868,picking
52.78178847142857,-1.2277493714285723,picking
52.78186505714286,-1.227705057142858,picking
52.78194164285715,-1.2276607428571435,picking
52.78201822857144,-1.2276164285714293,picking
52.78209481428572,-1.2275721142857148,picking
52.78217140000001,-1.2275278000000005,picking
52.782204300000004,-1.2275407999999999,picking
52.782262466666666,-1.22747865,picking
52.782320633333335,-1.2274165,picking
52.7823788,-1.2273543499999997,picking
52.78243696666666,-1.2272921999999997,picking
52.78249513333333,-1.2272300499999997,picking
52.78255329999999,-1.2271678999999998,picking
52.7825591,-1.2270000000000003,picking
52.782508033333336,-1.2268718,picking
52.78245696666667,-1.2267435999999998,picking
52.78240590000001,-1.2266153999999996,picking
52.78235990000001,-1.2265797999999999,picking
52.782292475000006,-1.2264988625,picking
52.78222505000001,-1.226417925,picking
52.78215762500001,-1.2263369875,picking
52.782090200000006,-1.2262560500000004,picking
52.782022775,-1.2261751125000004,picking
52.781955350000004,-1.2260941750000005,picking
52.78188792500001,-1.2260132375000006,picking
52.7818205,-1.2259323000000006,picking
52.781780787500004,-1.2258276250000006,picking
52.781741075,-1.2257229500000006,picking
52.7817013625,-1.2256182750000006,picking
52.781661650000004,-1.2255136000000006,picking
52.7816219375,-1.2254089250000006,picking
52.781582225,-1.2253042500000006,picking
52.7815425125,-1.2251995750000007,picking
52.7815028,-1.2250949000000007,picking
52.7814630875,-1.2249902250000007,picking
52.781423375,-1.2248855500000007,picking
52.7813836625,-1.2247808750000007,picking
52.78134395,-1.2246762000000007,picking
52.7813042375,-1.2245715250000007,picking
52.781264525,-1.2244668500000007,picking
52.7812248125,-1.2243621750000007,picking
52.7811851,-1.2242575000000007,picking
52.7811453875,-1.2241528250000007,picking
52.781105675,-1.2240481500000007,picking
52.7810659625,-1.2239434750000007,picking
52.78102625,-1.2238388000000007,picking
52.7809865375,-1.2237341250000007,picking
52.780946825,-1.2236294500000007,picking
52.780907112499996,-1.2235247750000007,picking
52.7808674,-1.2234201000000007,picking
52.7808276875,-1.2233154250000005,picking
52.780787974999996,-1.2232107500000005,picking
52.7807482625,-1.2231060750000005,picking
52.78070855,-1.2230014000000005,picking
52.780668837499995,-1.2228967250000005,picking
52.780629125,-1.2227920500000005,picking
52.7805894125,-1.2226873750000005,picking
52.780549699999995,-1.2225827000000005,picking
52.7805099875,-1.2224780250000005,picking
52.780470275,-1.2223733500000005,picking
52.780430562499994,-1.2222686750000005,picking
52.780390849999996,-1.2221640000000005,picking
52.7803511375,-1.2220593250000005,picking
52.780311424999994,-1.2219546500000005,picking
52.780271712499996,-1.2218499750000005,picking
52.780232,-1.2217453000000005,picking
52.78019228749999,-1.2216406250000005,picking
52.780152574999995,-1.2215359500000005,picking
52.7801128625,-1.2214312750000005,picking
52.78007314999999,-1.2213266000000005,picking
52.780033437499995,-1.2212219250000005,picking
52.779993725,-1.2211172500000005,picking
52.77995401249999,-1.2210125750000005,picking
52.779914299999994,-1.2209079000000005,picking
52.77986719999999,-1.2208340000000006,picking
52.779803777777765,-1.2207451000000007,picking
52.779740355555546,-1.2206562000000007,picking
52.77967693333332,-1.220567300000001,picking
52.7796135111111,-1.220478400000001,picking
52.779550088888875,-1.2203895000000011,picking
52.779486666666656,-1.2203006000000012,picking
52.77942324444443,-1.2202117000000015,picking
52.77935982222221,-1.2201228000000015,picking
52.779296399999986,-1.2200339000000016,picking
52.779194999999994,-1.2198817000000002,picking
52.779114699999994,-1.2197615000000002,picking
52.77905403333333,-1.2196729666666668,picking
52.77899336666666,-1.2195844333333334,picking
52.7789327,-1.2194959,picking
52.77887203333333,-1.2194073666666667,picking
52.778811366666666,-1.2193188333333331,picking
52.778750699999996,-1.2192302999999998,picking
52.77869003333333,-1.2191417666666664,picking
52.778629366666664,-1.219053233333333,picking
52.7785687,-1.2189646999999997,picking
52.77847109999999,-1.2188314,picking
52.77840898888888,-1.2187560444444445,picking
52.77834687777777,-1.218680688888889,picking
52.77828476666666,-1.2186053333333335,picking
52.778222655555545,-1.218529977777778,picking
52.77816054444444,-1.2184546222222228,picking
52.77809843333333,-1.2183792666666673,picking
52.77803632222221,-1.2183039111111118,picking
52.77797421111111,-1.2182285555555563,picking
52.777912099999995,-1.2181532000000008,picking
52.777851683333324,-1.2180734083333342,picking
52.77779126666666,-1.2179936166666674,picking
52.77773084999999,-1.2179138250000008,picking
52.77767043333333,-1.2178340333333342,picking
52.77761001666666,-1.2177542416666673,picking
52.777549599999986,-1.2176744500000007,picking
52.77748918333332,-1.2175946583333341,picking
52.77742876666665,-1.2175148666666673,picking
52.77736834999999,-1.2174350750000007,picking
52.77730793333332,-1.217355283333334,picking
52.777247516666655,-1.2172754916666673,picking
52.777187099999985,-1.2171957000000007,picking
52.77711629999999,-1.2170753500000009,picking
52.77704549999999,-1.2169550000000011,picking
52.7770004875,-1.2168534125000008,picking
52.776955474999994,-1.2167518250000007,picking
52.7769104625,-1.2166502375000006,picking
52.77686545,-1.2165486500000002,picking
52.7768204375,-1.2164470625,picking
52.776775425000004,-1.2163454749999998,picking
52.7767304125,-1.2162438874999997,picking
52.776685400000005,-1.2161422999999993,picking
52.77664370000001,-1.2159567000000007,picking
52.77658200689656,-1.2160211241379317,picking
52.776520313793114,-1.2160855482758626,picking
52.77645862068966,-1.2161499724137936,picking
52.77639692758621,-1.2162143965517247,picking
52.776335234482765,-1.2162788206896558,picking
52.77627354137932,-1.2163432448275866,picking
52.77621184827587,-1.2164076689655177,picking
52.77615015517242,-1.2164720931034487,picking
52.77608846206897,-1.2165365172413798,picking
52.77602676896552,-1.2166009413793106,picking
52.775965075862075,-1.2166653655172417,picking
52.77590338275863,-1.2167297896551728,picking
52.775841689655174,-1.2167942137931036,picking
52.77577999655173,-1.2168586379310347,picking
52.77571830344828,-1.2169230620689657,picking
52.77565661034483,-1.2169874862068968,picking
52.77559491724138,-1.2170519103448276,picking
52.77553322413793,-1.2171163344827587,picking
52.77547153103448,-1.2171807586206898,picking
52.775409837931036,-1.2172451827586206,picking
52.77534814482759,-1.2173096068965517,picking
52.775286451724135,-1.2173740310344827,picking
52.77522475862069,-1.2174384551724138,picking
52.77516306551724,-1.2175028793103446,picking
52.77510137241379,-1.2175673034482757,picking
52.775039679310346,-1.2176317275862067,picking
52.77497798620689,-1.2176961517241378,picking
52.774916293103445,-1.2177605758620687,picking
52.7748546,-1.2178249999999997,picking
52.774801257142855,-1.2177171142857142,picking
52.77474791428571,-1.2176092285714286,picking
52.77469457142857,-1.217501342857143,picking
52.77464122857142,-1.2173934571428577,picking
52.774587885714276,-1.2172855714285722,picking
52.77453454285713,-1.2171776857142866,picking
52.77448119999999,-1.217069800000001,picking
52.774428114285705,-1.216973700000001,picking
52.77437502857142,-1.216877600000001,picking
52.774321942857135,-1.2167815000000008,picking
52.77426885714286,-1.2166854000000007,picking
52.77421577142857,-1.2165893000000005,picking
52.77416268571429,-1.2164932000000006,picking
52.7741096,-1.2163971000000005,picking
52.77404601875,-1.2164744500000004,picking
52.7739824375,-1.2165518000000004,picking
52.77391885625,-1.2166291500000004,picking
52.773855275,-1.2167065000000004,picking
52.77379169375,-1.2167838500000003,picking
52.7737281125,-1.2168612000000003,picking
52.77366453125,-1.2169385500000003,picking
52.77360095,-1.2170159000000003,picking
52.77353736875,-1.2170932500000002,picking
52.773473787499995,-1.2171706000000002,picking
52.77341020625,-1.2172479500000002,picking
52.773346624999995,-1.2173253000000002,picking
52.77328304375,-1.2174026500000001,picking
52.773219462499995,-1.2174800000000001,picking
52.77315588125,-1.21755735,picking
52.773092299999995,-1.2176347,picking
52.773037286666664,-1.2175453,picking
52.77298227333333,-1.2174559,picking
52.772927259999996,-1.2173665000000002,picking
52.77287224666666,-1.2172771000000002,picking
52.77281723333333,-1.2171877000000002,picking
52.77276222,-1.2170983000000002,picking
52.77270720666666,-1.2170089000000002,picking
52.77265219333333,-1.2169195000000004,picking
52.77259717999999,-1.2168301000000004,picking
52.77254216666666,-1.2167407000000003,picking
52.77248715333333,-1.2166513000000003,picking
52.77243213999999,-1.2165619000000003,picking
52.77237712666666,-1.2164725000000005,picking
52.772322113333324,-1.2163831000000005,picking
52.77226709999999,-1.2162937000000005,picking
52.77227227499999,-1.2161580000000005,picking
52.77227744999999,-1.2160223000000006,picking
52.772282624999995,-1.2158866000000006,picking
52.772287799999994,-1.2157509000000006,picking
52.77221267499999,-1.2157812250000004,picking
52.77213755,-1.2158115500000002,picking
52.772062424999994,-1.2158418750000002,picking
52.77198729999999,-1.2158722,picking
52.77194199230769,-1.215772123076923,picking
52.77189668461538,-1.2156720461538462,picking
52.771851376923074,-1.2155719692307692,picking
52.77180606923076,-1.2154718923076924,picking
52.77176076153846,-1.2153718153846154,picking
52.77171545384615,-1.2152717384615386,picking
52.771670146153845,-1.2151716615384616,picking
52.771624838461534,-1.2150715846153848,picking
52.77157953076923,-1.2149715076923078,picking
52.77153422307692,-1.214871430769231,picking
52.771488915384616,-1.214771353846154,picking
52.771443607692305,-1.2146712769230772,picking
52.7713983,-1.2145712000000002,picking
52.77134544285715,-1.2144639142857143,picking
52.771292585714285,-1.2143566285714285,picking
52.77123972857143,-1.2142493428571426,picking
52.771186871428576,-1.2141420571428567,picking
52.77113401428572,-1.2140347714285709,picking
52.77108115714286,-1.213927485714285,picking
52.771028300000005,-1.2138201999999991,picking
52.7709782,-1.213718416666666,picking
52.770928100000006,-1.2136166333333325,picking
52.77087800000001,-1.2135148499999993,picking
52.77082790000001,-1.213413066666666,picking
52.770777800000005,-1.2133112833333326,picking
52.77072770000001,-1.2132094999999994,picking
52.77065365,-1.21332925,picking
52.770579599999984,-1.2134490000000004,picking
52.77053621176469,-1.2133453882352945,picking
52.770492823529395,-1.2132417764705885,picking
52.770449435294104,-1.2131381647058825,picking
52.770406047058806,-1.2130345529411766,picking
52.770362658823515,-1.2129309411764706,picking
52.770319270588224,-1.2128273294117646,picking
52.77027588235293,-1.2127237176470587,picking
52.770232494117636,-1.2126201058823527,picking
52.77018910588234,-1.2125164941176467,picking
52.77014571764705,-1.2124128823529408,picking
52.77010232941175,-1.2123092705882348,picking
52.77005894117646,-1.2122056588235288,picking
52.77001555294117,-1.2121020470588229,picking
52.76997216470587,-1.2119984352941169,picking
52.76992877647058,-1.211894823529411,picking
52.76988538823528,-1.211791211764705,picking
52.76984199999999,-1.211687599999999,picking
52.76977598749999,-1.2117640124999993,picking
52.76970997499999,-1.2118404249999994,picking
52.76964396249999,-1.2119168374999998,picking
52.769577949999984,-1.21199325,picking
52.769511937499985,-1.2120696625000003,picking
52.769445924999985,-1.2121460750000006,picking
52.769379912499986,-1.2122224875000007,picking
52.769313899999986,-1.212298900000001,picking
52.769280544117635,-1.212187455882354,picking
52.76924718823528,-1.212076011764707,picking
52.769213832352925,-1.2119645676470598,picking
52.769180476470574,-1.2118531235294128,picking
52.76914712058822,-1.2117416794117657,picking
52.76911376470587,-1.2116302352941188,picking
52.76908040882352,-1.2115187911764718,picking
52.76904705294117,-1.2114073470588247,picking
52.76901369705881,-1.2112959029411776,picking
52.76898034117646,-1.2111844588235305,picking
52.76894698529411,-1.2110730147058835,picking
52.768913629411756,-1.2109615705882364,picking
52.768880273529405,-1.2108501264705893,picking
52.76884691764705,-1.2107386823529422,picking
52.768813561764695,-1.2106272382352952,picking
52.768780205882344,-1.210515794117648,picking
52.76874684999999,-1.210404350000001,picking
52.76871349411764,-1.2102929058823542,picking
52.76868013823529,-1.210181461764707,picking
52.76864678235293,-1.21007001764706,picking
52.76861342647058,-1.209958573529413,picking
52.76858007058823,-1.2098471294117659,picking
52.76854671470588,-1.2097356852941188,picking
52.768513358823526,-1.2096242411764717,picking
52.768480002941175,-1.2095127970588246,picking
52.768446647058816,-1.2094013529411776,picking
52.768413291176465,-1.2092899088235305,picking
52.768379935294114,-1.2091784647058834,picking
52.76834657941176,-1.2090670205882366,picking
52.76831322352941,-1.2089555764705895,picking
52.76827986764706,-1.2088441323529424,picking
52.7682465117647,-1.2087326882352953,picking
52.76821315588235,-1.2086212441176483,picking
52.7681798,-1.2085098000000012,picking
52.76813721428571,-1.2084134571428584,picking
52.768094628571426,-1.2083171142857154,picking
52.768052042857136,-1.2082207714285726,picking
52.76800945714285,-1.2081244285714299,picking
52.76796687142856,-1.208028085714287,picking
52.76792428571428,-1.207931742857144,picking
52.76788169999999,-1.2078354000000013,picking
52.76780612499999,-1.2079068000000013,picking
52.767730549999996,-1.2079782000000012,picking
52.767654975,-1.208049600000001,picking
52.7675794,-1.2081210000000009,picking
52.76750988888889,-1.2081852333333343,picking
52.76744037777778,-1.2082494666666674,picking
52.76737086666667,-1.2083137000000008,picking
52.76730135555555,-1.208377933333334,picking
52.767231844444446,-1.2084421666666674,picking
52.76716233333333,-1.2085064000000005,picking
52.76709282222222,-1.208570633333334,picking
52.76702331111111,-1.208634866666667,picking
52.766953799999996,-1.2086991000000005,picking
52.76687783999999,-1.2087565200000006,picking
52.766801879999996,-1.2088139400000006,picking
52.76672591999999,-1.2088713600000007,picking
52.766649959999995,-1.2089287800000008,picking
52.76657399999999,-1.208986200000001,picking
52.766499259999996,-1.2089535400000007,picking
52.766424519999994,-1.2089208800000006,picking
52.76634978,-1.2088882200000004,picking
52.76627504,-1.2088555600000004,picking
52.7662003,-1.2088229000000001,picking
52.76611925,-1.2087096999999998,picking
52.7660382,-1.2085964999999994,picking
52.765978591666666,-1.2085127166666663,picking
52.76591898333333,-1.208428933333333,picking
52.76585937499999,-1.2083451499999998,picking
52.76579976666666,-1.2082613666666664,picking
52.76574015833333,-1.2081775833333332,picking
52.76568054999999,-1.2080937999999999,picking
52.765620941666654,-1.2080100166666667,picking
52.76556133333332,-1.2079262333333336,picking
52.76550172499999,-1.2078424500000002,picking
52.765442116666655,-1.207758666666667,picking
52.76538250833332,-1.2076748833333337,picking
52.76532289999999,-1.2075911000000006,picking
52.765258999999986,-1.2077109000000004,picking
52.765195099999985,-1.2078307000000004,picking
52.765131199999985,-1.2079505000000001,delivering
52.765195099999985,-1.2078307000000004,delivering
52.765258999999986,-1.2077109000000004,delivering
52.76532289999999,-1.2075911000000006,delivering
52.76538250833332,-1.2076748833333337,delivering
52.765442116666655,-1.207758666666667,delivering
52.76550172499999,-1.2078424500000002,delivering
52.76556133333332,-1.2079262333333336,delivering
52.765620941666654,-1.2080100166666667,delivering
52.76568054999999,-1.2080937999999999,delivering
52.76574015833333,-1.2081775833333332,delivering
52.76579976666666,-1.2082613666666664,delivering
52.76585937499999,-1.2083451499999998,delivering
52.76591898333333,-1.208428933333333,delivering
52.765978591666666,-1.2085127166666663,delivering
52.7660382,-1.2085964999999994,delivering
52.76611925,-1.2087096999999998,delivering
52.7662003,-1.2088229000000001,delivering
52.76627504,-1.2088555600000004,delivering
52.76634978,-1.2088882200000004,delivering
52.766424519999994,-1.2089208800000006,delivering
52.766499259999996,-1.2089535400000007,delivering
52.76657399999999,-1.208986200000001,delivering
52.76665136666666,-1.2090170000000007,delivering
52.76672873333333,-1.2090478000000007,delivering
52.7668061,-1.2090786000000004,delivering
52.76688346666666,-1.2091094000000002,delivering
52.766960833333336,-1.2091402000000002,delivering
52.7670382,-1.209171,delivering
52.76714859999999,-1.2092330000000011,delivering
52.76724959999999,-1.2092518000000005,delivering
52.76735059999999,-1.2092706,delivering
52.76741969999999,-1.2092072,delivering
52.767488799999995,-1.2091438,delivering
52.76755789999999,-1.2090804000000004,delivering
52.767627,-1.2090170000000005,delivering
52.767696099999995,-1.2089536000000005,delivering
52.7677652,-1.2088902000000006,delivering
52.7678343,-1.2088268000000006,delivering
52.767903399999994,-1.2087634000000007,delivering
52.7679725,-1.2087000000000008,delivering
52.7680416,-1.208636600000001,delivering
52.7681107,-1.2085732000000011,delivering
52.7681798,-1.2085098000000012,delivering
52.76821315588235,-1.2086212441176483,delivering
52.7682465117647,-1.2087326882352953,delivering
52.76827986764706,-1.2088441323529424,delivering
52.76831322352941,-1.2089555764705895,delivering
52.76834657941176,-1.2090670205882366,delivering
52.768379935294114,-1.2091784647058834,delivering
52.768413291176465,-1.2092899088235305,delivering
52.768446647058816,-1.2094013529411776,delivering
52.768480002941175,-1.2095127970588246,delivering
52.768513358823526,-1.2096242411764717,delivering
52.76854671470588,-1.2097356852941188,delivering
52.76858007058823,-1.2098471294117659,delivering
52.76861342647058,-1.209958573529413,delivering
52.76864678235293,-1.21007001764706,delivering
52.76868013823529,-1.210181461764707,delivering
52.76871349411764,-1.2102929058823542,delivering
52.76874684999999,-1.210404350000001,delivering
52.768780205882344,-1.210515794117648,delivering
52.768813561764695,-1.2106272382352952,delivering
52.76884691764705,-1.2107386823529422,delivering
52.768880273529405,-1.2108501264705893,delivering
52.768913629411756,-1.2109615705882364,delivering
52.76894698529411,-1.2110730147058835,delivering
52.76898034117646,-1.2111844588235305,delivering
52.76901369705881,-1.2112959029411776,delivering
52.76904705294117,-1.2114073470588247,delivering
52.76908040882352,-1.2115187911764718,delivering
52.76911376470587,-1.2116302352941188,delivering
52.76914712058822,-1.2117416794117657,delivering
52.769180476470574,-1.2118531235294128,delivering
52.769213832352925,-1.2119645676470598,delivering
52.76924718823528,-1.212076011764707,delivering
52.769280544117635,-1.212187455882354,delivering
52.769313899999986,-1.212298900000001,delivering
52.769379912499986,-1.2122224875000007,delivering
52.769445924999985,-1.2121460750000006,delivering
52.769511937499985,-1.2120696625000003,delivering
52.769577949999984,-1.21199325,delivering
52.76964396249999,-1.2119168374999998,delivering
52.76970997499999,-1.2118404249999994,delivering
52.76977598749999,-1.2117640124999993,delivering
52.76984199999999,-1.211687599999999,delivering
52.76991318571427,-1.211639742857142,delivering
52.76998437142856,-1.211591885714285,delivering
52.77005555714285,-1.211544028571428,delivering
52.77012674285714,-1.2114961714285712,delivering
52.77019792857142,-1.2114483142857142,delivering
52.77026911428571,-1.2114004571428574,delivering
52.770340299999994,-1.2113526000000003,delivering
52.770415928571424,-1.211295628571429,delivering
52.770491557142854,-1.2112386571428575,delivering
52.770567185714285,-1.211181685714286,delivering
52.770642814285715,-1.2111247142857144,delivering
52.770718442857145,-1.211067742857143,delivering
52.770794071428575,-1.2110107714285716,delivering
52.770869700000006,-1.2109538000000002,delivering
52.77094561250001,-1.2109307125000002,delivering
52.771021525,-1.2109076250000002,delivering
52.7710974375,-1.2108845375000001,delivering
52.77117335,-1.2108614500000003,delivering
52.7712492625,-1.2108383625000003,delivering
52.771325175,-1.2108152750000003,delivering
52.771401087499996,-1.2107921875000003,delivering
52.771477,-1.2107691000000003,delivering
52.77155285,-1.2107483300000002,delivering
52.771628699999994,-1.2107275600000003,delivering
52.771704549999995,-1.2107067900000001,delivering
52.7717804,-1.2106860200000003,delivering
52.77185625,-1.2106652500000001,delivering
52.771932099999994,-1.21064448,delivering
52.772007949999995,-1.2106237100000001,delivering
52.7720838,-1.21060294,delivering
52.77215964999999,-1.2105821700000001,delivering
52.772235499999994,-1.2105614,delivering
52.7722206,-1.210487600000001,delivering
52.77227936363636,-1.2104086727272736,delivering
52.772338127272725,-1.2103297454545463,delivering
52.772396890909086,-1.2102508181818188,delivering
52.77245565454545,-1.2101718909090915,delivering
52.772514418181814,-1.210092963636364,delivering
52.77257318181818,-1.2100140363636367,delivering
52.77263194545454,-1.2099351090909092,delivering
52.77269070909091,-1.2098561818181819,delivering
52.77274947272727,-1.2097772545454544,delivering
52.77280823636364,-1.209698327272727,delivering
52.772867,-1.2096193999999996,delivering
52.77291987142857,-1.209532271428571,delivering
52.77297274285714,-1.2094451428571427,delivering
52.773025614285714,-1.209358014285714,delivering
52.77307848571429,-1.2092708857142858,delivering
52.77313135714286,-1.2091837571428572,delivering
52.77318422857143,-1.2090966285714289,delivering
52.7732371,-1.2090095000000003,delivering
52.773290700000004,-1.2091044272727276,delivering
52.7733443,-1.209199354545455,delivering
52.7733979,-1.2092942818181822,delivering
52.7734515,-1.2093892090909095,delivering
52.773505099999994,-1.2094841363636368,delivering
52.773558699999995,-1.2095790636363641,delivering
52.77361229999999,-1.2096739909090914,delivering
52.77366589999999,-1.2097689181818188,delivering
52.77371949999999,-1.209863845454546,delivering
52.773773099999985,-1.2099587727272734,delivering
52.77382669999999,-1.2100537000000007,delivering
52.77386937999999,-1.2101697600000008,delivering
52.77391205999999,-1.2102858200000008,delivering
52.77395473999999,-1.210401880000001,delivering
52.77399741999999,-1.210517940000001,delivering
52.77404009999999,-1.210634000000001,delivering
52.77408689999999,-1.210743100000001,delivering
52.77413369999999,-1.2108522000000008,delivering
52.7741805,-1.2109613000000006,delivering
52.7742273,-1.2110704000000005,delivering
52.7742896,-1.2111645000000006,delivering
52.7743519,-1.2112586000000007,delivering
52.7744142,-1.211352700000001,delivering
52.7744765,-1.2114468000000012,delivering
52.7745388,-1.2115409000000013,delivering
52.774597766666666,-1.211626200000001,delivering
52.77465673333334,-1.2117115000000007,delivering
52.7747157,-1.2117968000000006,delivering
52.774774666666666,-1.2118821000000004,delivering
52.77483363333334,-1.2119674,delivering
52.7748926,-1.2120526999999999,delivering
52.7749523,-1.2121301142857144,delivering
52.775012000000004,-1.2122075285714287,delivering
52.775071700000005,-1.2122849428571432,delivering
52.7751314,-1.2123623571428574,delivering
52.7751911,-1.212439771428572,delivering
52.7752508,-1.2125171857142862,delivering
52.7753105,-1.2125946000000007,delivering
52.7753553,-1.2127080875000007,delivering
52.7754001,-1.2128215750000004,delivering
52.7754449,-1.2129350625000004,delivering
52.775489699999994,-1.2130485500000003,delivering
52.7755345,-1.2131620375,delivering
52.7755793,-1.213275525,delivering
52.775624099999995,-1.2133890124999998,delivering
52.77566889999999,-1.2135024999999997,delivering
52.77571361999999,-1.2136253799999999,delivering
52.775758339999996,-1.21374826,delivering
52.775803059999994,-1.21387114,delivering
52.77584778,-1.2139940200000001,delivering
52.7758925,-1.2141169000000003,delivering
52.775943299999994,-1.2142166285714289,delivering
52.7759941,-1.2143163571428577,delivering
52.776044899999995,-1.2144160857142863,delivering
52.77609569999999,-1.214515814285715,delivering
52.77614649999999,-1.2146155428571437,delivering
52.77619729999999,-1.2147152714285725,delivering
52.77624809999999,-1.214815000000001,delivering
52.77629307999999,-1.2149140800000007,delivering
52.77633805999999,-1.2150131600000005,delivering
52.77638303999999,-1.21511224,delivering
52.77642802,-1.2152113199999999,delivering
52.776472999999996,-1.2153103999999995,delivering
52.77650714,-1.2154396599999997,delivering
52.776541280000004,-1.21556892,delivering
52.77657542,-1.2156981800000002,delivering
52.776609560000004,-1.2158274400000004,delivering
52.77664370000001,-1.2159567000000007,delivering
52.776685400000005,-1.2161422999999993,delivering
52.7767304125,-1.2162438874999997,delivering
52.776775425000004,-1.2163454749999998,delivering
52.7768204375,-1.2164470625,delivering
52.77686545,-1.2165486500000002,delivering
52.7769104625,-1.2166502375000006,delivering
52.776955474999994,-1.2167518250000007,delivering
52.7770004875,-1.2168534125000008,delivering
52.77704549999999,-1.2169550000000011,delivering
52.77711629999999,-1.2170753500000009,delivering
52.777187099999985,-1.2171957000000007,delivering
52.777247516666655,-1.2172754916666673,delivering
52.77730793333332,-1.217355283333334,delivering
52.77736834999999,-1.2174350750000007,delivering
52.77742876666665,-1.2175148666666673,delivering
52.77748918333332,-1.2175946583333341,delivering
52.777549599999986,-1.2176744500000007,delivering
52.77761001666666,-1.2177542416666673,delivering
52.77767043333333,-1.2178340333333342,delivering
52.77773084999999,-1.2179138250000008,delivering
52.77779126666666,-1.2179936166666674,delivering
52.777851683333324,-1.2180734083333342,delivering
52.777912099999995,-1.2181532000000008,picking
52.77797421111111,-1.2182285555555563,picking
52.77803632222221,-1.2183039111111118,picking
52.77809843333333,-1.2183792666666673,picking
52.77816054444444,-1.2184546222222228,picking
52.778222655555545,-1.218529977777778,picking
52.77828476666666,-1.2186053333333335,picking
52.77834687777777,-1.218680688888889,picking
52.77840898888888,-1.2187560444444445,picking
52.77847109999999,-1.2188314,picking
52.7785687,-1.2189646999999997,picking
52.778629366666664,-1.219053233333333,picking
52.77869003333333,-1.2191417666666664,picking
52.778750699999996,-1.2192302999999998,picking
52.778811366666666,-1.2193188333333331,picking
52.77887203333333,-1.2194073666666667,picking
52.7789327,-1.2194959,picking
52.77899336666666,-1.2195844333333334,picking
52.77905403333333,-1.2196729666666668,picking
52.779114699999994,-1.2197615000000002,picking
52.779194999999994,-1.2198817000000002,picking
52.779296399999986,-1.2200339000000016,picking
52.77935982222221,-1.2201228000000015,picking
52.77942324444443,-1.2202117000000015,picking
52.779486666666656,-1.2203006000000012,picking
52.779550088888875,-1.2203895000000011,picking
52.7796135111111,-1.220478400000001,picking
52.77967693333332,-1.220567300000001,picking
52.779740355555546,-1.2206562000000007,picking
52.779803777777765,-1.2207451000000007,picking
52.77986719999999,-1.2208340000000006,picking
52.779914299999994,-1.2209079000000005,picking
52.77995401249999,-1.2210125750000005,picking
52.779993725,-1.2211172500000005,picking
52.780033437499995,-1.2212219250000005,picking
52.78007314999999,-1.2213266000000005,picking
52.7801128625,-1.2214312750000005,picking
52.780152574999995,-1.2215359500000005,picking
52.78019228749999,-1.2216406250000005,picking
52.780232,-1.2217453000000005,picking
52.780271712499996,-1.2218499750000005,picking
52.780311424999994,-1.2219546500000005,picking
52.7803511375,-1.2220593250000005,picking
52.780390849999996,-1.2221640000000005,picking
52.780430562499994,-1.2222686750000005,picking
52.780470275,-1.2223733500000005,picking
52.7805099875,-1.2224780250000005,picking
52.780549699999995,-1.2225827000000005,picking
52.7805894125,-1.2226873750000005,picking
52.780629125,-1.2227920500000005,picking
52.780668837499995,-1.2228967250000005,picking
52.78070855,-1.2230014000000005,picking
52.7807482625,-1.2231060750000005,picking
52.780787974999996,-1.2232107500000005,picking
52.7808276875,-1.2233154250000005,picking
52.7808674,-1.2234201000000007,picking
52.780907112499996,-1.2235247750000007,picking
52.780946825,-1.2236294500000007,picking
52.7809865375,-1.2237341250000007,picking
52.78102625,-1.2238388000000007,picking
52.7810659625,-1.2239434750000007,picking
52.781105675,-1.2240481500000007,picking
52.7811453875,-1.2241528250000007,picking
52.7811851,-1.2242575000000007,picking
52.7812248125,-1.2243621750000007,picking
52.781264525,-1.2244668500000007,picking
52.7813042375,-1.2245715250000007,picking
52.78134395,-1.2246762000000007,picking
52.7813836625,-1.2247808750000007,picking
52.781423375,-1.2248855500000007,picking
52.7814630875,-1.2249902250000007,picking
52.7815028,-1.2250949000000007,picking
52.7815425125,-1.2251995750000007,picking
52.781582225,-1.2253042500000006,picking
52.7816219375,-1.2254089250000006,picking
52.781661650000004,-1.2255136000000006,picking
52.7817013625,-1.2256182750000006,picking
52.781741075,-1.2257229500000006,picking
52.781780787500004,-1.2258276250000006,picking
52.7818205,-1.2259323000000006,picking
52.781838,-1.2260544750000006,picking
52.7818555,-1.2261766500000004,picking
52.781873,-1.2262988250000004,picking
52.781890499999996,-1.2264210000000002,picking
52.781907999999994,-1.2265431750000002,picking
52.78192549999999,-1.2266653500000002,picking
52.78194299999999,-1.226787525,picking
52.78196049999999,-1.2269097,picking
52.78195240000001,-1.2270815,picking
52.78200715000001,-1.2271930750000002,picking
52.78206190000001,-1.2273046500000002,picking
52.782116650000006,-1.2274162250000002,picking
52.78217140000001,-1.2275278000000005,picking
52.782204300000004,-1.2275407999999999,picking
52.782262466666666,-1.22747865,picking
52.782320633333335,-1.2274165,picking
52.7823788,-1.2273543499999997,picking
52.78243696666666,-1.2272921999999997,picking
52.78249513333333,-1.2272300499999997,picking
52.78255329999999,-1.2271678999999998,picking
52.7825591,-1.2270000000000003,picking
52.78260912,-1.2268952600000003,picking
52.78265914,-1.22679052,picking
52.782709159999996,-1.22668578,picking
52.78275918,-1.2265810399999997,picking
52.782809199999996,-1.2264762999999996,picking
52.782880199999994,-1.226426914285714,picking
52.78295119999999,-1.2263775285714285,picking
52.7830222,-1.2263281428571426,picking
52.783093199999996,-1.226278757142857,picking
52.783164199999995,-1.2262293714285715,picking
52.78323519999999,-1.2261799857142859,picking
52.7833062,-1.2261306000000003,picking
52.7833772,-1.2260812142857145,picking
52.783448199999995,-1.226031828571429,picking
52.78351919999999,-1.2259824428571433,picking
52.78359019999999,-1.2259330571428577,picking
52.7836612,-1.225883671428572,picking
52.783732199999996,-1.2258342857142863,picking
52.783803199999994,-1.2257849000000007,picking
52.78383090526315,-1.2259040421052638,picking
52.78385861052631,-1.226023184210527,picking
52.783886315789466,-1.22614232631579,picking
52.783914021052624,-1.2262614684210533,picking
52.78394172631579,-1.2263806105263164,picking
52.783969431578946,-1.2264997526315795,picking
52.7839971368421,-1.2266188947368426,picking
52.78402484210526,-1.2267380368421057,picking
52.78405254736842,-1.2268571789473688,picking
52.784080252631576,-1.226976321052632,picking
52.78410795789473,-1.2270954631578952,picking
52.78413566315789,-1.2272146052631583,picking
52.78416336842105,-1.2273337473684214,picking
52.784191073684205,-1.2274528894736845,picking
52.78421877894737,-1.2275720315789476,picking
52.78424648421053,-1.2276911736842109,picking
52.784274189473685,-1.227810315789474,picking
52.78430189473684,-1.227929457894737,picking
52.7843296,-1.2280486000000002,picking
52.784253166666666,-1.228097366666667,picking
52.78417673333333,-1.228146133333334,picking
52.78410029999999,-1.2281949000000005,picking
52.78402386666666,-1.2282436666666674,picking
52.783947433333324,-1.2282924333333343,picking
52.78387099999999,-1.2283412000000011,delivering
52.783947433333324,-1.2282924333333343,delivering
52.78402386666666,-1.2282436666666674,delivering
52.78410029999999,-1.2281949000000005,delivering
52.78417673333333,-1.228146133333334,delivering
52.784253166666666,-1.228097366666667,delivering
52.7843296,-1.2280486000000002,delivering
52.78430189473684,-1.227929457894737,delivering
52.784274189473685,-1.227810315789474,delivering
52.78424648421053,-1.2276911736842109,delivering
52.78421877894737,-1.2275720315789476,delivering
52.784191073684205,-1.2274528894736845,delivering
52.78416336842105,-1.2273337473684214,delivering
52.78413566315789,-1.2272146052631583,delivering
52.78410795789473,-1.2270954631578952,delivering
52.784080252631576,-1.226976321052632,delivering
52.78405254736842,-1.2268571789473688,delivering
52.78402484210526,-1.2267380368421057,delivering
52.7839971368421,-1.2266188947368426,delivering
52.783969431578946,-1.2264997526315795,delivering
52.78394172631579,-1.2263806105263164,delivering
52.783914021052624,-1.2262614684210533,delivering
52.783886315789466,-1.22614232631579,delivering
52.78385861052631,-1.226023184210527,delivering
52.78383090526315,-1.2259040421052638,delivering
52.783803199999994,-1.2257849000000007,delivering
52.783887224999994,-1.2257215000000006,delivering
52.78397124999999,-1.2256581000000004,delivering
52.784055275,-1.2255947000000003,delivering
52.7841393,-1.2255313,delivering
52.78411540638298,-1.2254142234042553,delivering
52.784091512765954,-1.2252971468085108,delivering
52.784067619148935,-1.225180070212766,delivering
52.784043725531916,-1.2250629936170214,delivering
52.7840198319149,-1.2249459170212766,delivering
52.78399593829787,-1.224828840425532,delivering
52.78397204468085,-1.2247117638297873,delivering
52.78394815106383,-1.2245946872340425,delivering
52.78392425744681,-1.224477610638298,delivering
52.78390036382979,-1.2243605340425532,delivering
52.78387647021277,-1.2242434574468086,delivering
52.78385257659575,-1.2241263808510638,delivering
52.78382868297872,-1.2240093042553193,delivering
52.7838047893617,-1.2238922276595745,delivering
52.783780895744684,-1.2237751510638297,delivering
52.783757002127665,-1.2236580744680852,delivering
52.78373310851064,-1.2235409978723404,delivering
52.78370921489362,-1.2234239212765958,delivering
52.7836853212766,-1.223306844680851,delivering
52.783661427659574,-1.2231897680851065,delivering
52.783637534042555,-1.2230726914893617,delivering
52.783613640425536,-1.222955614893617,delivering
52.78358974680852,-1.2228385382978724,delivering
52.78356585319149,-1.2227214617021276,delivering
52.78354195957447,-1.222604385106383,delivering
52.78351806595745,-1.2224873085106382,delivering
52.78349417234043,-1.2223702319148935,delivering
52.78347027872341,-1.222253155319149,delivering
52.78344638510639,-1.2221360787234041,delivering
52.78342249148937,-1.2220190021276596,delivering
52.78339859787234,-1.2219019255319148,delivering
52.78337470425532,-1.2217848489361702,delivering
52.783350810638304,-1.2216677723404255,delivering
52.783326917021284,-1.2215506957446807,delivering
52.78330302340426,-1.2214336191489361,delivering
52.78327912978724,-1.2213165425531913,delivering
52.78325523617022,-1.2211994659574468,delivering
52.783231342553194,-1.221082389361702,delivering
52.783207448936174,-1.2209653127659574,delivering
52.783183555319155,-1.2208482361702127,delivering
52.783159661702136,-1.2207311595744679,delivering
52.78313576808511,-1.2206140829787233,delivering
52.78311187446809,-1.2204970063829785,delivering
52.78308798085107,-1.220379929787234,delivering
52.78306408723405,-1.2202628531914892,delivering
52.783040193617026,-1.2201457765957446,delivering
52.78301630000001,-1.2200286999999999,delivering
52.782978070000006,-1.2199121099999999,delivering
52.782939840000004,-1.21979552,delivering
52.78290161,-1.2196789299999997,delivering
52.78286338,-1.2195623399999997,delivering
52.782825149999994,-1.2194457499999998,delivering
52.78278691999999,-1.2193291599999998,delivering
52.78274868999999,-1.2192125699999998,delivering
52.78271045999999,-1.2190959799999996,delivering
52.78267222999999,-1.2189793899999997,delivering
52.78263399999999,-1.2188627999999997,delivering
52.78259006923076,-1.218766546153846,delivering
52.78254613846153,-1.218670292307692,delivering
52.782502207692296,-1.2185740384615382,delivering
52.782458276923066,-1.2184777846153845,delivering
52.782414346153836,-1.2183815307692305,delivering
52.782370415384605,-1.2182852769230768,delivering
52.782326484615375,-1.2181890230769228,delivering
52.782282553846144,-1.218092769230769,delivering
52.782238623076914,-1.2179965153846153,delivering
52.782194692307684,-1.2179002615384613,delivering
52.78215076153845,-1.2178040076923076,delivering
52.78210683076922,-1.2177077538461538,delivering
52.78206289999999,-1.2176114999999998,delivering
52.78201896923076,-1.217515246153846,delivering
52.78197503846153,-1.2174189923076923,delivering
52.7819311076923,-1.2173227384615384,delivering
52.78188717692307,-1.2172264846153846,delivering
52.78184324615384,-1.2171302307692309,delivering
52.78179931538461,-1.217033976923077,delivering
52.78175538461538,-1.2169377230769232,delivering
52.78171145384615,-1.2168414692307692,delivering
52.78166752307692,-1.2167452153846154,delivering
52.78162359230769,-1.2166489615384617,delivering
52.78157966153846,-1.2165527076923077,delivering
52.78153573076923,-1.216456453846154,delivering
52.7814918,-1.2163602000000002,delivering
52.78144786923077,-1.2162639461538463,delivering
52.78140393846154,-1.2161676923076925,delivering
52.78136000769231,-1.2160714384615388,delivering
52.781316076923076,-1.2159751846153848,delivering
52.781272146153846,-1.215878930769231,delivering
52.781228215384616,-1.2157826769230773,delivering
52.781184284615385,-1.2156864230769233,delivering
52.781140353846155,-1.2155901692307696,delivering
52.781096423076924,-1.2154939153846156,delivering
52.781052492307694,-1.2153976615384618,delivering
52.781008561538464,-1.215301407692308,delivering
52.78096463076923,-1.2152051538461541,delivering
52.7809207,-1.2151089000000004,delivering
52.7809773862069,-1.215052234482759,delivering
52.781034072413796,-1.2149955689655176,delivering
52.78109075862069,-1.214938903448276,delivering
52.78114744482759,-1.2148822379310347,delivering
52.781204131034485,-1.2148255724137933,delivering
52.78126081724138,-1.214768906896552,delivering
52.78131750344828,-1.2147122413793106,delivering
52.781374189655175,-1.2146555758620692,delivering
52.78143087586207,-1.2145989103448276,delivering
52.78148756206897,-1.2145422448275862,delivering
52.781544248275864,-1.2144855793103448,delivering
52.78160093448276,-1.2144289137931035,delivering
52.78165762068966,-1.214372248275862,delivering
52.78171430689655,-1.2143155827586207,delivering
52.78177099310345,-1.2142589172413791,delivering
52.78182767931035,-1.2142022517241378,delivering
52.78188436551724,-1.2141455862068964,delivering
52.78194105172414,-1.214088920689655,delivering
52.781997737931036,-1.2140322551724136,delivering
52.78205442413793,-1.2139755896551723,delivering
52.78211111034483,-1.2139189241379307,delivering
52.782167796551725,-1.2138622586206893,delivering
52.78222448275862,-1.213805593103448,delivering
52.78228116896552,-1.2137489275862066,delivering
52.782337855172415,-1.2136922620689652,delivering
52.78239454137931,-1.2136355965517238,delivering
52.78245122758621,-1.2135789310344822,delivering
52.782507913793104,-1.2135222655172409,delivering
52.7825646,-1.2134655999999995,picking
52.782507913793104,-1.2135222655172409,picking
52.78245122758621,-1.2135789310344822,picking
52.78239454137931,-1.2136355965517238,picking
52.782337855172415,-1.2136922620689652,picking
52.78228116896552,-1.2137489275862066,picking
52.78222448275862,-1.213805593103448,picking
52.782167796551725,-1.2138622586206893,picking
52.78211111034483,-1.2139189241379307,picking
52.78205442413793,-1.2139755896551723,picking
52.781997737931036,-1.2140322551724136,picking
52.78194105172414,-1.214088920689655,picking
52.78188436551724,-1.2141455862068964,picking
52.78182767931035,-1.2142022517241378,picking
52.78177099310345,-1.2142589172413791,picking
52.78171430689655,-1.2143155827586207,picking
52.78165762068966,-1.214372248275862,picking
52.78160093448276,-1.2144289137931035,picking
52.781544248275864,-1.2144855793103448,picking
52.78148756206897,-1.2145422448275862,picking
52.78143087586207,-1.2145989103448276,picking
52.781374189655175,-1.2146555758620692,picking
52.78131750344828,-1.2147122413793106,picking
52.78126081724138,-1.214768906896552,picking
52.781204131034485,-1.2148255724137933,picking
52.78114744482759,-1.2148822379310347,picking
52.78109075862069,-1.214938903448276,picking
52.781034072413796,-1.2149955689655176,picking
52.7809773862069,-1.215052234482759,picking
52.7809207,-1.2151089000000004,picking
52.7808166,-1.2150421500000006,picking
52.7807125,-1.2149754000000008,picking
52.78063814285714,-1.214926957142858,picking
52.780563785714286,-1.214878514285715,picking
52.78048942857143,-1.2148300714285722,picking
52.78041507142857,-1.2147816285714292,picking
52.780340714285714,-1.2147331857142865,picking
52.78026635714286,-1.2146847428571435,picking
52.780192,-1.2146363000000007,picking
52.78012190625,-1.2145890812500006,picking
52.7800518125,-1.2145418625000008,picking
52.77998171875,-1.2144946437500008,picking
52.779911625,-1.2144474250000008,picking
52.77984153125,-1.2144002062500008,picking
52.779771437499996,-1.2143529875000008,picking
52.77970134375,-1.214305768750001,picking
52.779631249999994,-1.214258550000001,picking
52.77956115625,-1.214211331250001,picking
52.7794910625,-1.2141641125000011,picking
52.779420968749996,-1.214116893750001,picking
52.779350875,-1.214069675000001,picking
52.779280781249994,-1.214022456250001,picking
52.7792106875,-1.213975237500001,picking
52.77914059374999,-1.2139280187500012,picking
52.779070499999996,-1.2138808000000012,picking
52.77901959729729,-1.2139703918918932,picking
52.77896869459459,-1.2140599837837849,picking
52.778917791891885,-1.2141495756756768,picking
52.77886688918918,-1.2142391675675688,picking
52.77881598648648,-1.2143287594594605,picking
52.778765083783775,-1.2144183513513525,picking
52.77871418108108,-1.2145079432432444,picking
52.778663278378374,-1.2145975351351361,picking
52.77861237567567,-1.214687127027028,picking
52.77856147297297,-1.21477671891892,picking
52.778510570270264,-1.2148663108108118,picking
52.77845966756756,-1.2149559027027037,picking
52.77840876486486,-1.2150454945945957,picking
52.77835786216215,-1.2151350864864874,picking
52.77830695945945,-1.2152246783783793,picking
52.778256056756746,-1.2153142702702713,picking
52.77820515405404,-1.215403862162163,picking
52.77815425135134,-1.215493454054055,picking
52.77810334864864,-1.215583045945947,picking
52.77805244594594,-1.2156726378378389,picking
52.778001543243235,-1.2157622297297306,picking
52.77795064054053,-1.2158518216216225,picking
52.77789973783783,-1.2159414135135145,picking
52.777848835135124,-1.2160310054054062,picking
52.77779793243242,-1.2161205972972982,picking
52.77774702972972,-1.21621018918919,picking
52.77769612702701,-1.2162997810810818,picking
52.77764522432431,-1.2163893729729738,picking
52.777594321621606,-1.2164789648648657,picking
52.7775434189189,-1.2165685567567575,picking
52.777492516216206,-1.2166581486486494,picking
52.7774416135135,-1.2167477405405414,picking
52.7773907108108,-1.216837332432433,picking
52.777339808108096,-1.216926924324325,picking
52.77728890540539,-1.217016516216217,picking
52.77723800270269,-1.2171061081081087,picking
52.777187099999985,-1.2171957000000007,picking
52.77711629999999,-1.2170753500000009,picking
52.77704549999999,-1.2169550000000011,picking
52.7770004875,-1.2168534125000008,picking
52.776955474999994,-1.2167518250000007,picking
52.7769104625,-1.2166502375000006,picking
52.77686545,-1.2165486500000002,picking
52.7768204375,-1.2164470625,picking
52.776775425000004,-1.2163454749999998,picking
52.7767304125,-1.2162438874999997,picking
52.776685400000005,-1.2161422999999993,picking
52.77664370000001,-1.2159567000000007,picking
52.776609560000004,-1.2158274400000004,picking
52.77657542,-1.2156981800000002,picking
52.776541280000004,-1.21556892,picking
52.77650714,-1.2154396599999997,picking
52.776472999999996,-1.2153103999999995,picking
52.77642802,-1.2152113199999999,picking
52.77638303999999,-1.21511224,picking
52.77633805999999,-1.2150131600000005,picking
52.77629307999999,-1.2149140800000007,picking
52.77624809999999,-1.214815000000001,picking
52.77619729999999,-1.2147152714285725,picking
52.77614649999999,-1.2146155428571437,picking
52.77609569999999,-1.214515814285715,picking
52.776044899999995,-1.2144160857142863,picking
52.7759941,-1.2143163571428577,picking
52.775943299999994,-1.2142166285714289,picking
52.7758925,-1.2141169000000003,picking
52.77584778,-1.2139940200000001,picking
52.775803059999994,-1.21387114,picking
52.775758339999996,-1.21374826,picking
52.77571361999999,-1.2136253799999999,picking
52.77566889999999,-1.2135024999999997,picking
52.775624099999995,-1.2133890124999998,picking
52.7755793,-1.213275525,picking
52.7755345,-1.2131620375,picking
52.775489699999994,-1.2130485500000003,picking
52.7754449,-1.2129350625000004,picking
52.7754001,-1.2128215750000004,picking
52.7753553,-1.2127080875000007,picking
52.7753105,-1.2125946000000007,picking
52.7752508,-1.2125171857142862,picking
52.7751911,-1.212439771428572,picking
52.7751314,-1.2123623571428574,picking
52.775071700000005,-1.2122849428571432,picking
52.775012000000004,-1.2122075285714287,picking
52.7749523,-1.2121301142857144,picking
52.7748926,-1.2120526999999999,picking
52.77483363333334,-1.2119674,picking
52.774774666666666,-1.2118821000000004,picking
52.7747157,-1.2117968000000006,picking
52.77465673333334,-1.2117115000000007,picking
52.774597766666666,-1.211626200000001,picking
52.7745388,-1.2115409000000013,picking
52.77449032,-1.2114291400000012,picking
52.77444184,-1.211317380000001,picking
52.77439336,-1.211205620000001,picking
52.77434488,-1.2110938600000007,picking
52.7742964,-1.2109821000000007,picking
52.77428966,-1.2108564200000005,picking
52.774282920000005,-1.2107307400000002,picking
52.77427618,-1.2106050599999998,picking
52.774269440000005,-1.2104793799999995,picking
52.77426270000001,-1.2103536999999993,picking
52.774300800000006,-1.2102342999999995,picking
52.774338900000004,-1.2101148999999998,picking
52.77437700000001,-1.2099955000000002,picking
52.774415100000006,-1.2098761000000005,picking
52.7744216,-1.2098313000000007,picking
52.77444610833333,-1.2097050916666672,picking
52.77447061666666,-1.2095788833333339,picking
52.774495124999994,-1.2094526750000003,picking
52.77451963333333,-1.209326466666667,picking
52.77454414166666,-1.2092002583333334,picking
52.77456864999999,-1.20907405,picking
52.774593158333325,-1.2089478416666666,picking
52.77461766666666,-1.208821633333333,picking
52.77464217499999,-1.2086954249999997,picking
52.77466668333332,-1.2085692166666662,picking
52.774691191666655,-1.2084430083333328,picking
52.77471569999999,-1.2083167999999993,picking
52.77473993333332,-1.2081802,picking
52.77476416666666,-1.2080436000000006,picking
52.77478839999999,-1.2079070000000012,picking
52.77483699999999,-1.2076860000000007,picking
52.77478173749999,-1.2076006500000007,picking
52.774726474999994,-1.2075153000000007,picking
52.77467121249999,-1.2074299500000008,picking
52.77461594999999,-1.2073446000000008,picking
52.77456068749999,-1.2072592500000006,picking
52.77450542499999,-1.2071739000000006,picking
52.77445016249999,-1.2070885500000006,picking
52.77439489999999,-1.2070032000000006,picking
52.77435669999999,-1.2068949571428578,picking
52.77431849999999,-1.206786714285715,picking
52.774280299999994,-1.206678471428572,picking
52.77424209999999,-1.2065702285714293,picking
52.77420389999999,-1.2064619857142864,picking
52.77416569999999,-1.2063537428571436,picking
52.77412749999999,-1.2062455000000005,picking
52.77408929999999,-1.2061372571428577,picking
52.774051099999994,-1.2060290142857149,picking
52.774012899999995,-1.205920771428572,picking
52.77397469999999,-1.2058125285714292,picking
52.77393649999999,-1.2057042857142863,picking
52.77389829999999,-1.2055960428571435,picking
52.77386009999999,-1.2054878000000007,picking
52.77380111666666,-1.2053884666666672,picking
52.77374213333333,-1.2052891333333338,picking
52.77368315,-1.2051898000000003,picking
52.773624166666664,-1.205090466666667,picking
52.77356518333333,-1.2049911333333336,picking
52.7735062,-1.2048918000000002,picking
52.77347366666667,-1.2047376333333337,picking
52.77344113333333,-1.204583466666667,picking
52.773408599999996,-1.2044293000000006,picking
52.77335852499999,-1.2043202750000006,picking
52.773308449999995,-1.2042112500000006,picking
52.773258375,-1.2041022250000006,picking
52.77320829999999,-1.2039932000000007,picking
52.77315208571428,-1.2039113428571435,picking
52.773095871428566,-1.2038294857142862,picking
52.77303965714285,-1.203747628571429,picking
52.77298344285714,-1.203665771428572,picking
52.772927228571426,-1.2035839142857148,picking
52.77287101428571,-1.2035020571428574,picking
52.7728148,-1.2034202000000003,picking
52.77274678888889,-1.2033547888888891,picking
52.77267877777778,-1.2032893777777782,picking
52.772610766666666,-1.203223966666667,picking
52.772542755555556,-1.2031585555555562,picking
52.772474744444445,-1.203093144444445,picking
52.772406733333334,-1.203027733333334,picking
52.77233872222222,-1.202962322222223,picking
52.77227071111111,-1.2028969111111119,picking
52.772202699999994,-1.2028315000000007,picking
52.77213468888888,-1.2027660888888898,picking
52.77206667777777,-1.2027006777777787,picking
52.77199866666666,-1.2026352666666678,picking
52.77193065555555,-1.2025698555555566,picking
52.77186264444444,-1.2025044444444455,picking
52.77179463333333,-1.2024390333333346,picking
52.77172662222222,-1.2023736222222234,picking
52.77165861111111,-1.2023082111111125,picking
52.771590599999996,-1.2022428000000014,picking
52.77151523636363,-1.2022438181818196,picking
52.77143987272727,-1.2022448363636375,picking
52.77136450909091,-1.2022458545454557,picking
52.771289145454546,-1.202246872727274,picking
52.77121378181818,-1.2022478909090921,picking
52.77113841818181,-1.20224890909091,picking
52.77106305454545,-1.2022499272727283,picking
52.77098769090909,-1.2022509454545465,picking
52.770912327272725,-1.2022519636363647,picking
52.77083696363636,-1.2022529818181826,picking
52.7707616,-1.2022540000000008,picking
52.770693599999994,-1.2023126500000005,picking
52.77062559999999,-1.2023713000000003,picking
52.77056515999999,-1.2024496000000002,picking
52.77050471999999,-1.2025279000000004,picking
52.77044427999999,-1.2026062000000004,picking
52.770383839999994,-1.2026845000000006,picking
52.770323399999995,-1.2027628000000006,picking
52.7701956,-1.2027024000000004,picking
52.77014773333333,-1.2026023500000005,picking
52.77009986666667,-1.2025023000000006,picking
52.770052,-1.2024022500000004,picking
52.77000413333334,-1.2023022000000005,picking
52.76995626666667,-1.2022021500000006,picking
52.7699084,-1.2021021000000007,picking
52.769860533333336,-1.2020020500000006,picking
52.76981266666667,-1.2019020000000007,picking
52.769764800000004,-1.2018019500000008,picking
52.769716933333335,-1.2017019000000009,picking
52.769669066666665,-1.201601850000001,picking
52.7696212,-1.2015018000000008,picking
52.769573333333334,-1.201401750000001,picking
52.769525466666664,-1.201301700000001,picking
52.7694776,-1.2012016500000011,picking
52.76942973333333,-1.201101600000001,picking
52.76938186666667,-1.201001550000001,picking
52.769334,-1.2009015000000012,delivering
52.76938186666667,-1.201001550000001,delivering
52.76942973333333,-1.201101600000001,delivering
52.7694776,-1.2012016500000011,delivering
52.769525466666664,-1.201301700000001,delivering
52.769573333333334,-1.201401750000001,delivering
52.7696212,-1.2015018000000008,delivering
52.769669066666665,-1.201601850000001,delivering
52.769716933333335,-1.2017019000000009,delivering
52.769764800000004,-1.2018019500000008,delivering
52.76981266666667,-1.2019020000000007,delivering
52.769860533333336,-1.2020020500000006,delivering
52.7699084,-1.2021021000000007,delivering
52.76995626666667,-1.2022021500000006,delivering
52.77000413333334,-1.2023022000000005,delivering
52.770052,-1.2024022500000004,delivering
52.77009986666667,-1.2025023000000006,delivering
52.77014773333333,-1.2026023500000005,delivering
52.7701956,-1.2027024000000004,delivering
52.7702214,-1.2029306000000004,delivering
52.7701744,-1.2030090000000015,delivering
52.770130249999994,-1.2031269000000009,delivering
52.77008609999999,-1.2032448,delivering
52.77015186666666,-1.2031612666666671,delivering
52.77021763333333,-1.203077733333334,delivering
52.7702834,-1.2029942000000011,delivering
52.770346866666664,-1.2029069500000011,delivering
52.770410333333324,-1.2028197000000012,delivering
52.77047379999999,-1.202732450000001,delivering
52.77053726666666,-1.202645200000001,delivering
52.77060073333332,-1.202557950000001,delivering
52.770664199999985,-1.202470700000001,delivering
52.77073209999998,-1.20250466451613,delivering
52.77079999999999,-1.202538629032259,delivering
52.770867899999985,-1.202572593548388,delivering
52.77093579999998,-1.202606558064517,delivering
52.77100369999999,-1.202640522580646,delivering
52.771071599999985,-1.2026744870967752,delivering
52.77113949999998,-1.202708451612904,delivering
52.77120739999999,-1.2027424161290332,delivering
52.771275299999985,-1.2027763806451621,delivering
52.77134319999999,-1.2028103451612913,delivering
52.77141109999999,-1.2028443096774202,delivering
52.771478999999985,-1.2028782741935493,delivering
52.77154689999999,-1.2029122387096782,delivering
52.77161479999999,-1.2029462032258074,delivering
52.771682699999985,-1.2029801677419363,delivering
52.77175059999999,-1.2030141322580654,delivering
52.77181849999999,-1.2030480967741943,delivering
52.771886399999985,-1.2030820612903235,delivering
52.77195429999999,-1.2031160258064524,delivering
52.77202219999999,-1.2031499903225815,delivering
52.772090099999986,-1.2031839548387104,delivering
52.77215799999999,-1.2032179193548396,delivering
52.77222589999999,-1.2032518838709685,delivering
52.77229379999999,-1.2032858483870976,delivering
52.77236169999999,-1.2033198129032265,delivering
52.77242959999999,-1.2033537774193557,delivering
52.77249749999999,-1.2033877419354846,delivering
52.77256539999999,-1.2034217064516137,delivering
52.77263329999999,-1.2034556709677426,delivering
52.77270119999999,-1.2034896354838718,delivering
52.77276909999999,-1.2035236000000007,delivering
52.77283184285714,-1.2035906857142864,delivering
52.772894585714276,-1.203657771428572,delivering
52.77295732857142,-1.2037248571428578,delivering
52.77302007142856,-1.2037919428571435,delivering
52.77308281428571,-1.2038590285714292,delivering
52.77314555714285,-1.203926114285715,delivering
52.77320829999999,-1.2039932000000007,delivering
52.773258375,-1.2041022250000006,delivering
52.773308449999995,-1.2042112500000006,delivering
52.77335852499999,-1.2043202750000006,delivering
52.773408599999996,-1.2044293000000006,delivering
52.77344113333333,-1.204583466666667,delivering
52.77347366666667,-1.2047376333333337,delivering
52.7735062,-1.2048918000000002,delivering
52.77356518333333,-1.2049911333333336,delivering
52.773624166666664,-1.205090466666667,delivering
52.77368315,-1.2051898000000003,delivering
52.77374213333333,-1.2052891333333338,delivering
52.77380111666666,-1.2053884666666672,delivering
52.77386009999999,-1.2054878000000007,delivering
52.77389829999999,-1.2055960428571435,delivering
52.77393649999999,-1.2057042857142863,delivering
52.77397469999999,-1.2058125285714292,delivering
52.774012899999995,-1.205920771428572,delivering
52.774051099999994,-1.2060290142857149,delivering
52.77408929999999,-1.2061372571428577,delivering
52.77412749999999,-1.2062455000000005,delivering
52.77416569999999,-1.2063537428571436,delivering
52.77420389999999,-1.2064619857142864,delivering
52.77424209999999,-1.2065702285714293,delivering
52.774280299999994,-1.206678471428572,delivering
52.77431849999999,-1.206786714285715,delivering
52.77435669999999,-1.2068949571428578,delivering
52.77439489999999,-1.2070032000000006,delivering
52.77443862222221,-1.207103622222223,delivering
52.774482344444436,-1.2072040444444452,delivering
52.77452606666666,-1.2073044666666675,delivering
52.77456978888888,-1.2074048888888897,delivering
52.7746135111111,-1.207505311111112,delivering
52.77465723333332,-1.2076057333333343,delivering
52.774700955555545,-1.2077061555555566,delivering
52.77474467777777,-1.207806577777779,delivering
52.77478839999999,-1.2079070000000012,delivering
52.77476416666666,-1.2080436000000006,delivering
52.77473993333332,-1.2081802,delivering
52.77471569999999,-1.2083167999999993,delivering
52.774691191666655,-1.2084430083333328,delivering
52.77466668333332,-1.2085692166666662,delivering
52.77464217499999,-1.2086954249999997,delivering
52.77461766666666,-1.208821633333333,delivering
52.774593158333325,-1.2089478416666666,delivering
52.77456864999999,-1.20907405,delivering
52.77454414166666,-1.2092002583333334,delivering
52.77451963333333,-1.209326466666667,delivering
52.774495124999994,-1.2094526750000003,delivering
52.77447061666666,-1.2095788833333339,delivering
52.77444610833333,-1.2097050916666672,delivering
52.7744216,-1.2098313000000007,delivering
52.774415100000006,-1.2098761000000005,delivering
52.774353225,-1.2099689250000005,delivering
52.77429135,-1.2100617500000006,delivering
52.774229475,-1.2101545750000007,delivering
52.77416759999999,-1.2102474000000008,delivering
52.77406514999999,-1.2102401500000006,delivering
52.77396269999999,-1.2102329000000005,delivering
52.773894699999985,-1.2101433000000006,delivering
52.77382669999999,-1.2100537000000007,delivering
52.773773099999985,-1.2099587727272734,delivering
52.77371949999999,-1.209863845454546,delivering
52.77366589999999,-1.2097689181818188,delivering
52.77361229999999,-1.2096739909090914,delivering
52.773558699999995,-1.2095790636363641,delivering
52.773505099999994,-1.2094841363636368,delivering
52.7734515,-1.2093892090909095,delivering
52.7733979,-1.2092942818181822,delivering
52.7733443,-1.209199354545455,delivering
52.773290700000004,-1.2091044272727276,delivering
52.7732371,-1.2090095000000003,picking
52.7731581,-1.2088953,picking
52.7730791,-1.2087811,picking
52.77303731052631,-1.2087841315789474,picking
52.77299552105263,-1.2087871631578948,picking
52.772953731578944,-1.2087901947368422,picking
52.77291194210526,-1.2087932263157894,picking
52.772870152631576,-1.2087962578947369,picking
52.77282836315789,-1.2087992894736843,picking
52.77278657368421,-1.2088023210526317,picking
52.77274478421052,-1.2088053526315792,picking
52.77270299473684,-1.2088083842105266,picking
52.77266120526315,-1.2088114157894738,picking
52.772619415789464,-1.2088144473684213,picking
52.77257762631578,-1.2088174789473687,picking
52.772535836842096,-1.2088205105263161,picking
52.77249404736841,-1.2088235421052635,picking
52.77245225789473,-1.208826573684211,picking
52.77241046842104,-1.2088296052631582,picking
52.77236867894736,-1.2088326368421056,picking
52.772326889473675,-1.208835668421053,picking
52.77228509999999,-1.2088387000000005,picking
52.77228013846153,-1.208965538461539,picking
52.77227517692307,-1.2090923769230775,picking
52.77227021538461,-1.209219215384616,picking
52.77226525384614,-1.2093460538461545,picking
52.772260292307685,-1.209472892307693,picking
52.77225533076923,-1.2095997307692314,picking
52.77225036923076,-1.2097265692307702,picking
52.7722454076923,-1.2098534076923086,picking
52.772240446153845,-1.2099802461538471,picking
52.77223548461538,-1.2101070846153856,picking
52.77223052307692,-1.2102339230769241,picking
52.772225561538455,-1.2103607615384626,picking
52.7722206,-1.210487600000001,picking
52.772235499999994,-1.2105614,picking
52.77224953571428,-1.2106876714285715,picking
52.77226357142857,-1.210813942857143,picking
52.772277607142854,-1.2109402142857144,picking
52.77229164285714,-1.2110664857142857,picking
52.77230567857143,-1.2111927571428571,picking
52.772319714285715,-1.2113190285714286,picking
52.77233375,-1.2114453,picking
52.77234778571428,-1.2115715714285715,picking
52.77236182142857,-1.211697842857143,picking
52.772375857142855,-1.2118241142857145,picking
52.77238989285714,-1.2119503857142857,picking
52.77240392857143,-1.2120766571428572,picking
52.772417964285715,-1.2122029285714286,picking
52.772432,-1.2123292,picking
52.772433783333334,-1.2124544833333333,picking
52.77243556666667,-1.2125797666666664,picking
52.772437350000004,-1.2127050499999998,picking
52.772439133333336,-1.212830333333333,picking
52.772440916666675,-1.2129556166666662,picking
52.772442700000006,-1.2130808999999994,picking
52.77243946666667,-1.213228533333333,picking
52.77243623333333,-1.213376166666667,picking
52.77243299999999,-1.2135238000000006,picking
52.772425999999996,-1.2136557500000005,picking
52.77241899999999,-1.2137877000000004,picking
52.77241199999999,-1.2139196500000002,picking
52.77240499999999,-1.2140516000000001,picking
52.77239443999999,-1.2141831800000003,picking
52.77238387999999,-1.2143147600000004,picking
52.772373319999986,-1.2144463400000005,picking
52.772362759999986,-1.2145779200000006,picking
52.772352199999986,-1.2147095000000008,picking
52.77234316666666,-1.2148496166666671,picking
52.772334133333324,-1.2149897333333337,picking
52.77232509999999,-1.21512985,picking
52.77231606666666,-1.2152699666666664,picking
52.772307033333334,-1.215410083333333,picking
52.772298,-1.2155501999999994,picking
52.772287799999994,-1.2157509000000006,picking
52.772282624999995,-1.2158866000000006,picking
52.77227744999999,-1.2160223000000006,picking
52.77227227499999,-1.2161580000000005,picking
52.77226709999999,-1.2162937000000005,picking
52.772266359999996,-1.2164218880000004,picking
52.77226561999999,-1.2165500760000005,picking
52.772264879999994,-1.2166782640000005,picking
52.77226414,-1.2168064520000006,picking
52.77226339999999,-1.2169346400000005,picking
52.772262659999996,-1.2170628280000004,picking
52.77226191999999,-1.2171910160000006,picking
52.772261179999994,-1.2173192040000005,picking
52.77226044,-1.2174473920000006,picking
52.77225969999999,-1.2175755800000005,picking
52.772258959999995,-1.2177037680000005,picking
52.77225822,-1.2178319560000006,picking
52.77225747999999,-1.2179601440000005,picking
52.772256739999996,-1.2180883320000007,picking
52.772256,-1.2182165200000006,picking
52.772255259999994,-1.2183447080000005,picking
52.77225452,-1.2184728960000006,picking
52.77225378,-1.2186010840000006,picking
52.772253039999995,-1.2187292720000007,picking
52.7722523,-1.2188574600000006,picking
52.772251559999994,-1.2189856480000005,picking
52.77225082,-1.2191138360000007,picking
52.77225008,-1.2192420240000006,picking
52.772249339999995,-1.2193702120000007,picking
52.7722486,-1.2194984000000006,picking
52.772216704255314,-1.2196102212765965,picking
52.77218480851064,-1.219722042553192,picking
52.772152912765954,-1.2198338638297879,picking
52.77212101702128,-1.2199456851063837,picking
52.77208912127659,-1.2200575063829793,picking
52.77205722553192,-1.220169327659575,picking
52.77202532978723,-1.2202811489361707,picking
52.77199343404255,-1.2203929702127665,picking
52.77196153829787,-1.2205047914893623,picking
52.77192964255319,-1.220616612765958,picking
52.77189774680851,-1.2207284340425537,picking
52.77186585106383,-1.2208402553191495,picking
52.77183395531915,-1.2209520765957451,picking
52.77180205957447,-1.221063897872341,picking
52.771770163829785,-1.2211757191489367,picking
52.77173826808511,-1.2212875404255323,picking
52.771706372340425,-1.2213993617021282,picking
52.77167447659575,-1.2215111829787237,picking
52.771642580851065,-1.2216230042553196,picking
52.77161068510639,-1.2217348255319154,picking
52.771578789361705,-1.221846646808511,picking
52.77154689361702,-1.2219584680851068,picking
52.771514997872345,-1.2220702893617026,picking
52.77148310212766,-1.2221821106382982,picking
52.771451206382984,-1.222293931914894,picking
52.7714193106383,-1.2224057531914898,picking
52.77138741489362,-1.2225175744680854,picking
52.77135551914894,-1.2226293957446812,picking
52.77132362340426,-1.222741217021277,picking
52.77129172765958,-1.2228530382978726,picking
52.7712598319149,-1.2229648595744684,picking
52.77122793617022,-1.223076680851064,picking
52.77119604042554,-1.2231885021276598,picking
52.77116414468085,-1.2233003234042557,picking
52.771132248936176,-1.2234121446808512,picking
52.77110035319149,-1.223523965957447,picking
52.771068457446816,-1.2236357872340429,picking
52.77103656170213,-1.2237476085106385,picking
52.771004665957456,-1.2238594297872343,picking
52.77097277021277,-1.22397125106383,picking
52.77094087446809,-1.2240830723404257,picking
52.77090897872341,-1.2241948936170215,picking
52.77087708297873,-1.224306714893617,picking
52.77084518723405,-1.224418536170213,picking
52.77081329148937,-1.2245303574468087,picking
52.77078139574469,-1.2246421787234043,picking
52.77074950000001,-1.2247540000000001,picking
52.77070084,-1.22484504,picking
52.770652180000006,-1.22493608,picking
52.77060352,-1.2250271199999998,picking
52.770554860000004,-1.2251181599999998,picking
52.7705062,-1.2252091999999997,picking
52.77045539999999,-1.2252429,picking
52.770377283333325,-1.2252536333333335,picking
52.77029916666665,-1.2252643666666667,picking
52.77022104999999,-1.2252751000000002,picking
52.770142933333325,-1.2252858333333336,picking
52.770064816666654,-1.2252965666666669,picking
52.76998669999999,-1.2253073000000003,picking
52.769922339999994,-1.2252390800000001,picking
52.76985797999999,-1.2251708600000002,picking
52.769793619999994,-1.22510264,picking
52.76972925999999,-1.22503442,picking
52.769664899999995,-1.2249662,picking
52.76960054,-1.2248979799999997,picking
52.769536179999996,-1.2248297599999998,picking
52.76947182,-1.2247615399999996,picking
52.76940746,-1.2246933199999996,picking
52.7693431,-1.2246250999999995,picking
52.76928053333334,-1.2245487666666666,picking
52.769217966666666,-1.2244724333333334,picking
52.7691554,-1.2243961000000005,picking
52.76913011111111,-1.2245155222222228,picking
52.76910482222222,-1.224634944444445,picking
52.76907953333333,-1.2247543666666676,picking
52.76905424444444,-1.2248737888888899,picking
52.76902895555555,-1.2249932111111121,picking
52.769003666666656,-1.2251126333333344,picking
52.76897837777777,-1.225232055555557,picking
52.76895308888888,-1.2253514777777792,picking
52.768927799999986,-1.2254709000000015,delivering
52.76897394444443,-1.2253769222222235,delivering
52.76902008888888,-1.2252829444444455,delivering
52.76906623333333,-1.2251889666666675,delivering
52.76911237777777,-1.2250949888888896,delivering
52.76915852222221,-1.2250010111111114,delivering
52.76920466666666,-1.2249070333333334,delivering
52.76925081111111,-1.2248130555555554,delivering
52.76929695555555,-1.2247190777777774,delivering
52.7693431,-1.2246250999999995,delivering
52.76940746,-1.2246933199999996,delivering
52.76947182,-1.2247615399999996,delivering
52.769536179999996,-1.2248297599999998,delivering
52.76960054,-1.2248979799999997,delivering
52.769664899999995,-1.2249662,delivering
52.76972925999999,-1.22503442,delivering
52.769793619999994,-1.22510264,delivering
52.76985797999999,-1.2251708600000002,delivering
52.769922339999994,-1.2252390800000001,delivering
52.76998669999999,-1.2253073000000003,delivering
52.77004489999999,-1.2253905500000002,delivering
52.77010309999999,-1.2254738000000003,delivering
52.77016129999999,-1.2255570500000001,delivering
52.77021949999999,-1.2256403,delivering
52.770277699999994,-1.22572355,delivering
52.77033589999999,-1.2258068,delivering
52.77034940000001,-1.2258505999999996,delivering
52.77041375,-1.2259046749999996,delivering
52.770478100000005,-1.2259587499999995,delivering
52.77054245000001,-1.2260128249999995,delivering
52.7706068,-1.2260668999999995,delivering
52.7706964,-1.226024,delivering
52.7707202,-1.22590558,delivering
52.770744,-1.2257871600000003,delivering
52.7707678,-1.2256687400000004,delivering
52.7707916,-1.2255503200000006,delivering
52.770815400000004,-1.2254319000000007,delivering
52.77080279999999,-1.2253955999999995,delivering
52.77079214,-1.2252672799999995,delivering
52.77078148,-1.2251389599999998,delivering
52.77077082,-1.2250106399999998,delivering
52.77076016,-1.22488232,delivering
52.77074950000001,-1.2247540000000001,delivering
52.77078139574469,-1.2246421787234043,delivering
52.77081329148937,-1.2245303574468087,delivering
52.77084518723405,-1.224418536170213,delivering
52.77087708297873,-1.224306714893617,delivering
52.77090897872341,-1.2241948936170215,delivering
52.77094087446809,-1.2240830723404257,delivering
52.77097277021277,-1.22397125106383,delivering
52.771004665957456,-1.2238594297872343,delivering
52.77103656170213,-1.2237476085106385,delivering
52.771068457446816,-1.2236357872340429,delivering
52.77110035319149,-1.223523965957447,delivering
52.771132248936176,-1.2234121446808512,delivering
52.77116414468085,-1.2233003234042557,delivering
52.77119604042554,-1.2231885021276598,delivering
52.77122793617022,-1.223076680851064,delivering
52.7712598319149,-1.2229648595744684,delivering
52.77129172765958,-1.2228530382978726,delivering
52.77132362340426,-1.222741217021277,delivering
52.77135551914894,-1.2226293957446812,delivering
52.77138741489362,-1.2225175744680854,delivering
52.7714193106383,-1.2224057531914898,delivering
52.771451206382984,-1.222293931914894,delivering
52.77148310212766,-1.2221821106382982,delivering
52.771514997872345,-1.2220702893617026,delivering
52.77154689361702,-1.2219584680851068,delivering
52.771578789361705,-1.221846646808511,delivering
52.77161068510639,-1.2217348255319154,delivering
52.771642580851065,-1.2216230042553196,delivering
52.77167447659575,-1.2215111829787237,delivering
52.771706372340425,-1.2213993617021282,delivering
52.77173826808511,-1.2212875404255323,delivering
52.771770163829785,-1.2211757191489367,delivering
52.77180205957447,-1.221063897872341,delivering
52.77183395531915,-1.2209520765957451,delivering
52.77186585106383,-1.2208402553191495,delivering
52.77189774680851,-1.2207284340425537,delivering
52.77192964255319,-1.220616612765958,delivering
52.77196153829787,-1.2205047914893623,delivering
52.77199343404255,-1.2203929702127665,delivering
52.77202532978723,-1.2202811489361707,delivering
52.77205722553192,-1.220169327659575,delivering
52.77208912127659,-1.2200575063829793,delivering
52.77212101702128,-1.2199456851063837,delivering
52.772152912765954,-1.2198338638297879,delivering
52.77218480851064,-1.219722042553192,delivering
52.772216704255314,-1.2196102212765965,delivering
52.7722486,-1.2194984000000006,delivering
52.772249339999995,-1.2193702120000007,delivering
52.77225008,-1.2192420240000006,delivering
52.77225082,-1.2191138360000007,delivering
52.772251559999994,-1.2189856480000005,delivering
52.7722523,-1.2188574600000006,delivering
52.772253039999995,-1.2187292720000007,delivering
52.77225378,-1.2186010840000006,delivering
52.77225452,-1.2184728960000006,delivering
52.772255259999994,-1.2183447080000005,delivering
52.772256,-1.2182165200000006,delivering
52.772256739999996,-1.2180883320000007,delivering
52.77225747999999,-1.2179601440000005,delivering
52.77225822,-1.2178319560000006,delivering
52.772258959999995,-1.2177037680000005,delivering
52.77225969999999,-1.2175755800000005,delivering
52.77226044,-1.2174473920000006,delivering
52.772261179999994,-1.2173192040000005,delivering
52.77226191999999,-1.2171910160000006,delivering
52.772262659999996,-1.2170628280000004,delivering
52.77226339999999,-1.2169346400000005,delivering
52.77226414,-1.2168064520000006,delivering
52.772264879999994,-1.2166782640000005,delivering
52.77226561999999,-1.2165500760000005,delivering
52.772266359999996,-1.2164218880000004,delivering
52.77226709999999,-1.2162937000000005,delivering
52.77227227499999,-1.2161580000000005,delivering
52.77227744999999,-1.2160223000000006,delivering
52.772282624999995,-1.2158866000000006,delivering
52.772287799999994,-1.2157509000000006,delivering
52.772298,-1.2155501999999994,delivering
52.772307033333334,-1.215410083333333,delivering
52.77231606666666,-1.2152699666666664,delivering
52.77232509999999,-1.21512985,delivering
52.772334133333324,-1.2149897333333337,delivering
52.77234316666666,-1.2148496166666671,delivering
52.772352199999986,-1.2147095000000008,delivering
52.772362759999986,-1.2145779200000006,delivering
52.772373319999986,-1.2144463400000005,delivering
52.77238387999999,-1.2143147600000004,delivering
52.77239443999999,-1.2141831800000003,delivering
52.77240499999999,-1.2140516000000001,delivering
52.77241199999999,-1.2139196500000002,delivering
52.77241899999999,-1.2137877000000004,delivering
52.772425999999996,-1.2136557500000005,delivering
52.77243299999999,-1.2135238000000006,delivering
52.77243623333333,-1.213376166666667,delivering
52.77243946666667,-1.213228533333333,delivering
52.772442700000006,-1.2130808999999994,delivering
52.77250423793104,-1.2130115724137924,delivering
52.77256577586208,-1.2129422448275857,delivering
52.77262731379311,-1.2128729172413788,delivering
52.77268885172414,-1.2128035896551719,delivering
52.77275038965518,-1.2127342620689652,delivering
52.77281192758621,-1.2126649344827582,delivering
52.77287346551724,-1.2125956068965513,delivering
52.77293500344828,-1.2125262793103444,delivering
52.772996541379314,-1.2124569517241377,delivering
52.773058079310346,-1.2123876241379308,delivering
52.773119617241385,-1.2123182965517239,delivering
52.773181155172416,-1.2122489689655171,delivering
52.77324269310345,-1.2121796413793102,delivering
52.77330423103449,-1.2121103137931033,delivering
52.77336576896552,-1.2120409862068966,delivering
52.77342730689656,-1.2119716586206897,delivering
52.77348884482759,-1.2119023310344827,delivering
52.77355038275862,-1.211833003448276,delivering
52.77361192068966,-1.2117636758620691,delivering
52.77367345862069,-1.2116943482758622,delivering
52.773734996551724,-1.2116250206896555,delivering
52.77379653448276,-1.2115556931034486,delivering
52.773858072413795,-1.2114863655172416,delivering
52.77391961034483,-1.2114170379310347,delivering
52.773981148275865,-1.211347710344828,delivering
52.7740426862069,-1.211278382758621,delivering
52.77410422413793,-1.2112090551724142,delivering
52.77416576206897,-1.2111397275862075,delivering
52.7742273,-1.2110704000000005,delivering
52.7742964,-1.2109821000000007,delivering
52.77428966,-1.2108564200000005,delivering
52.774282920000005,-1.2107307400000002,delivering
52.77427618,-1.2106050599999998,delivering
52.774269440000005,-1.2104793799999995,delivering
52.77426270000001,-1.2103536999999993,delivering
52.774300800000006,-1.2102342999999995,delivering
52.774338900000004,-1.2101148999999998,delivering
52.77437700000001,-1.2099955000000002,delivering
52.774415100000006,-1.2098761000000005,delivering
52.7744216,-1.2098313000000007,delivering
52.77444610833333,-1.2097050916666672,delivering
52.77447061666666,-1.2095788833333339,delivering
52.774495124999994,-1.2094526750000003,delivering
52.77451963333333,-1.209326466666667,delivering
52.77454414166666,-1.2092002583333334,delivering
52.77456864999999,-1.20907405,delivering
52.774593158333325,-1.2089478416666666,delivering
52.77461766666666,-1.208821633333333,delivering
52.77464217499999,-1.2086954249999997,delivering
52.77466668333332,-1.2085692166666662,delivering
52.774691191666655,-1.2084430083333328,delivering
52.77471569999999,-1.2083167999999993,delivering
52.77473993333332,-1.2081802,delivering
52.77476416666666,-1.2080436000000006,delivering
52.77478839999999,-1.2079070000000012,delivering
52.77483699999999,-1.2076860000000007,delivering
52.77478173749999,-1.2076006500000007,delivering
52.774726474999994,-1.2075153000000007,delivering
52.77467121249999,-1.2074299500000008,delivering
52.77461594999999,-1.2073446000000008,delivering
52.77456068749999,-1.2072592500000006,delivering
52.77450542499999,-1.2071739000000006,delivering
52.77445016249999,-1.2070885500000006,delivering
52.77439489999999,-1.2070032000000006,delivering
52.77435669999999,-1.2068949571428578,delivering
52.77431849999999,-1.206786714285715,delivering
52.774280299999994,-1.206678471428572,delivering
52.77424209999999,-1.2065702285714293,delivering
52.77420389999999,-1.2064619857142864,delivering
52.77416569999999,-1.2063537428571436,delivering
52.77412749999999,-1.2062455000000005,delivering
52.77408929999999,-1.2061372571428577,delivering
52.774051099999994,-1.2060290142857149,delivering
52.774012899999995,-1.205920771428572,delivering
52.77397469999999,-1.2058125285714292,delivering
52.77393649999999,-1.2057042857142863,delivering
52.77389829999999,-1.2055960428571435,delivering
52.77386009999999,-1.2054878000000007,delivering
52.77380111666666,-1.2053884666666672,delivering
52.77374213333333,-1.2052891333333338,delivering
52.77368315,-1.2051898000000003,delivering
52.773624166666664,-1.205090466666667,delivering
52.77356518333333,-1.2049911333333336,delivering
52.7735062,-1.2048918000000002,delivering
52.77347366666667,-1.2047376333333337,delivering
52.77344113333333,-1.204583466666667,delivering
52.773408599999996,-1.2044293000000006,delivering
52.77335852499999,-1.2043202750000006,delivering
52.773308449999995,-1.2042112500000006,delivering
52.773258375,-1.2041022250000006,delivering
52.77320829999999,-1.2039932000000007,delivering
52.77315208571428,-1.2039113428571435,delivering
52.773095871428566,-1.2038294857142862,delivering
52.77303965714285,-1.203747628571429,delivering
52.77298344285714,-1.203665771428572,delivering
52.772927228571426,-1.2035839142857148,delivering
52.77287101428571,-1.2035020571428574,delivering
52.7728148,-1.2034202000000003,delivering
52.77274678888889,-1.2033547888888891,delivering
52.77267877777778,-1.2032893777777782,delivering
52.772610766666666,-1.203223966666667,delivering
52.772542755555556,-1.2031585555555562,delivering
52.772474744444445,-1.203093144444445,delivering
52.772406733333334,-1.203027733333334,delivering
52.77233872222222,-1.202962322222223,delivering
52.77227071111111,-1.2028969111111119,delivering
52.772202699999994,-1.2028315000000007,delivering
52.77213468888888,-1.2027660888888898,delivering
52.77206667777777,-1.2027006777777787,delivering
52.77199866666666,-1.2026352666666678,delivering
52.77193065555555,-1.2025698555555566,delivering
52.77186264444444,-1.2025044444444455,delivering
52.77179463333333,-1.2024390333333346,delivering
52.77172662222222,-1.2023736222222234,delivering
52.77165861111111,-1.2023082111111125,delivering
52.771590599999996,-1.2022428000000014,delivering
52.77151523636363,-1.2022438181818196,delivering
52.77143987272727,-1.2022448363636375,delivering
52.77136450909091,-1.2022458545454557,delivering
52.771289145454546,-1.202246872727274,delivering
52.77121378181818,-1.2022478909090921,delivering
52.77113841818181,-1.20224890909091,delivering
52.77106305454545,-1.2022499272727283,delivering
52.77098769090909,-1.2022509454545465,delivering
52.770912327272725,-1.2022519636363647,delivering
52.77083696363636,-1.2022529818181826,delivering
52.7707616,-1.2022540000000008,delivering
52.77070375,-1.2021598500000006,delivering
52.770645900000005,-1.2020657000000003,delivering
52.77065004285715,-1.2019312000000002,delivering
52.770654185714285,-1.2017967000000003,delivering
52.77065832857143,-1.2016622000000001,delivering
52.77066247142857,-1.2015277,delivering
52.770666614285716,-1.2013931999999998,delivering
52.77067075714285,-1.2012587,delivering
52.770674899999996,-1.2011241999999998,delivering
52.77067278571428,-1.2009897571428572,delivering
52.77067067142857,-1.2008553142857146,delivering
52.770668557142855,-1.200720871428572,delivering
52.77066644285714,-1.2005864285714294,delivering
52.77066432857143,-1.2004519857142868,delivering
52.770662214285714,-1.2003175428571442,delivering
52.7706601,-1.2001831000000016,delivering
52.77062562,-1.2000588400000014,delivering
52.77059113999999,-1.1999345800000012,delivering
52.77055666,-1.1998103200000012,delivering
52.77052217999999,-1.199686060000001,delivering
52.77048769999999,-1.1995618000000008,delivering
52.7704507,-1.199432000000001,delivering
52.770431230769226,-1.1993087307692316,delivering
52.77041176153846,-1.1991854615384623,delivering
52.77039229230769,-1.1990621923076932,delivering
52.77037282307692,-1.1989389230769238,delivering
52.770353353846154,-1.1988156538461545,delivering
52.77033388461538,-1.1986923846153852,delivering
52.77031441538461,-1.198569115384616,delivering
52.77029494615384,-1.1984458461538467,delivering
52.770275476923075,-1.1983225769230774,delivering
52.7702560076923,-1.198199307692308,delivering
52.77023653846153,-1.198076038461539,delivering
52.77021706923077,-1.1979527692307697,delivering
52.770197599999996,-1.1978295000000003,delivering
52.770275809999994,-1.1978108900000002,delivering
52.77035402,-1.19779228,delivering
52.77043223,-1.1977736700000001,delivering
52.770510439999995,-1.19775506,delivering
52.77058864999999,-1.1977364499999998,delivering
52.77066686,-1.1977178399999997,delivering
52.77074507,-1.1976992299999996,delivering
52.770823279999995,-1.1976806199999996,delivering
52.77090149,-1.1976620099999995,delivering
52.7709797,-1.1976433999999994,delivering
52.77106583333333,-1.1976278999999992,delivering
52.771151966666665,-1.1976123999999992,delivering
52.7712381,-1.197596899999999,delivering
52.771265799999995,-1.1974845999999995,delivering
52.7712935,-1.1973722999999996,delivering
52.7713212,-1.19726,delivering
52.7713489,-1.1971477000000004,delivering
52.77127892,-1.1971107000000003,delivering
52.77120894,-1.1970737000000002,delivering
52.771138959999995,-1.1970367000000004,delivering
52.771068979999995,-1.1969997000000003,delivering
52.770998999999996,-1.1969627000000003,delivering
52.77092902,-1.1969257000000002,delivering
52.77085904,-1.1968887000000001,delivering
52.77078905999999,-1.1968517000000003,delivering
52.77071907999999,-1.1968147000000002,delivering
52.77064909999999,-1.1967777000000002,delivering
52.77057154999999,-1.1967796375000002,delivering
52.77049399999999,-1.1967815750000002,delivering
52.77041644999999,-1.1967835125000001,delivering
52.77033889999999,-1.1967854500000001,delivering
52.77026134999999,-1.1967873875000001,delivering
52.77018379999999,-1.1967893250000001,delivering
52.77010624999999,-1.1967912625000001,delivering
52.77002869999999,-1.1967932000000001,delivering
52.770027549999995,-1.1969498500000002,delivering
52.77002639999999,-1.1971065000000005,picking
52.770027549999995,-1.1969498500000002,picking
52.77002869999999,-1.1967932000000001,picking
52.77010624999999,-1.1967912625000001,picking
52.77018379999999,-1.1967893250000001,picking
52.77026134999999,-1.1967873875000001,picking
52.77033889999999,-1.1967854500000001,picking
52.77041644999999,-1.1967835125000001,picking
52.77049399999999,-1.1967815750000002,picking
52.77057154999999,-1.1967796375000002,picking
52.77064909999999,-1.1967777000000002,picking
52.77071907999999,-1.1968147000000002,picking
52.77078905999999,-1.1968517000000003,picking
52.77085904,-1.1968887000000001,picking
52.77092902,-1.1969257000000002,picking
52.770998999999996,-1.1969627000000003,picking
52.771068979999995,-1.1969997000000003,picking
52.771138959999995,-1.1970367000000004,picking
52.77120894,-1.1970737000000002,picking
52.77127892,-1.1971107000000003,picking
52.7713489,-1.1971477000000004,picking
52.7713212,-1.19726,picking
52.7712935,-1.1973722999999996,picking
52.771265799999995,-1.1974845999999995,picking
52.7712381,-1.197596899999999,picking
52.771316875,-1.1975782749999992,picking
52.771395649999995,-1.1975596499999994,picking
52.771474425,-1.1975410249999994,picking
52.7715532,-1.1975223999999995,picking
52.771631975,-1.1975037749999997,picking
52.77171075,-1.1974851499999999,picking
52.771789524999996,-1.197466525,picking
52.771868299999994,-1.1974479000000002,picking
52.771947075,-1.1974292750000002,picking
52.77202585,-1.1974106500000004,picking
52.772104625,-1.1973920250000005,picking
52.772183399999996,-1.1973734000000007,picking
52.772262174999994,-1.1973547750000009,picking
52.77234095,-1.1973361500000008,picking
52.772419725,-1.197317525000001,picking
52.7724985,-1.1972989000000012,picking
52.772579566666664,-1.197281133333334,picking
52.772660633333324,-1.1972633666666668,picking
52.77274169999999,-1.1972455999999996,picking
52.77281489411764,-1.1972087941176466,picking
52.772888088235284,-1.1971719882352938,picking
52.77296128235293,-1.1971351823529408,picking
52.77303447647058,-1.1970983764705878,picking
52.77310767058823,-1.1970615705882348,picking
52.77318086470588,-1.197024764705882,picking
52.773254058823525,-1.196987958823529,picking
52.77332725294117,-1.196951152941176,picking
52.77340044705882,-1.1969143470588233,picking
52.773473641176466,-1.1968775411764703,picking
52.77354683529411,-1.1968407352941173,picking
52.77362002941176,-1.1968039294117645,picking
52.77369322352941,-1.1967671235294115,picking
52.77376641764706,-1.1967303176470585,picking
52.77383961176471,-1.1966935117647055,picking
52.773912805882354,-1.1966567058823527,picking
52.773986,-1.1966198999999997,picking
52.774047741666664,-1.196700633333333,picking
52.77410948333333,-1.1967813666666665,picking
52.774171224999996,-1.1968620999999997,picking
52.774232966666666,-1.196942833333333,picking
52.77429470833333,-1.1970235666666664,picking
52.77435645,-1.1971042999999997,picking
52.77441819166666,-1.197185033333333,picking
52.774479933333325,-1.1972657666666664,picking
52.774541674999995,-1.1973464999999996,picking
52.77460341666666,-1.197427233333333,picking
52.77466515833333,-1.1975079666666664,picking
52.77472689999999,-1.1975886999999996,picking
52.774784354545446,-1.1976730181818178,picking
52.7748418090909,-1.1977573363636362,picking
52.77489926363636,-1.1978416545454544,picking
52.77495671818181,-1.1979259727272726,picking
52.77501417272727,-1.1980102909090908,picking
52.77507162727272,-1.1980946090909093,picking
52.77512908181818,-1.1981789272727275,picking
52.775186536363634,-1.1982632454545457,picking
52.77524399090909,-1.1983475636363639,picking
52.775301445454545,-1.1984318818181823,picking
52.7753589,-1.1985162000000005,picking
52.77541512857143,-1.198603328571429,picking
52.775471357142855,-1.1986904571428576,picking
52.775527585714286,-1.1987775857142862,picking
52.77558381428571,-1.198864714285715,picking
52.77564004285714,-1.1989518428571435,picking
52.775696271428565,-1.199038971428572,picking
52.775752499999996,-1.1991261000000006,picking
52.77580474,-1.1990346000000003,picking
52.77585698,-1.1989431000000002,picking
52.775909219999996,-1.1988515999999998,picking
52.77596146,-1.1987600999999997,picking
52.7760137,-1.1986685999999993,picking
52.776068425,-1.1985725499999995,picking
52.77612315,-1.1984764999999997,picking
52.776177874999995,-1.19838045,picking
52.77623259999999,-1.1982844000000001,picking
52.77615134999999,-1.1981680000000001,picking
52.7760701,-1.1980516,delivering
52.77615134999999,-1.1981680000000001,delivering
52.77623259999999,-1.1982844000000001,delivering
52.776177874999995,-1.19838045,delivering
52.77612315,-1.1984764999999997,delivering
52.776068425,-1.1985725499999995,delivering
52.7760137,-1.1986685999999993,delivering
52.77596146,-1.1987600999999997,delivering
52.775909219999996,-1.1988515999999998,delivering
52.77585698,-1.1989431000000002,delivering
52.77580474,-1.1990346000000003,delivering
52.775752499999996,-1.1991261000000006,delivering
52.775696271428565,-1.199038971428572,delivering
52.77564004285714,-1.1989518428571435,delivering
52.77558381428571,-1.198864714285715,delivering
52.775527585714286,-1.1987775857142862,delivering
52.775471357142855,-1.1986904571428576,delivering
52.77541512857143,-1.198603328571429,delivering
52.7753589,-1.1985162000000005,delivering
52.775301445454545,-1.1984318818181823,delivering
52.77524399090909,-1.1983475636363639,delivering
52.775186536363634,-1.1982632454545457,delivering
52.77512908181818,-1.1981789272727275,delivering
52.77507162727272,-1.1980946090909093,delivering
52.77501417272727,-1.1980102909090908,delivering
52.77495671818181,-1.1979259727272726,delivering
52.77489926363636,-1.1978416545454544,delivering
52.7748418090909,-1.1977573363636362,delivering
52.774784354545446,-1.1976730181818178,delivering
52.77472689999999,-1.1975886999999996,delivering
52.77477743749999,-1.1974785874999998,delivering
52.774827974999994,-1.1973684749999998,delivering
52.774878512499996,-1.1972583625,delivering
52.77492905,-1.1971482500000001,delivering
52.77497958749999,-1.1970381375000003,delivering
52.775030124999994,-1.1969280250000005,delivering
52.775080662499995,-1.1968179125000005,delivering
52.7751312,-1.1967078000000007,picking
52.775080662499995,-1.1968179125000005,picking
52.775030124999994,-1.1969280250000005,picking
52.77497958749999,-1.1970381375000003,picking
52.77492905,-1.1971482500000001,picking
52.774878512499996,-1.1972583625,picking
52.774827974999994,-1.1973684749999998,picking
52.77477743749999,-1.1974785874999998,picking
52.77472689999999,-1.1975886999999996,picking
52.774784354545446,-1.1976730181818178,picking
52.7748418090909,-1.1977573363636362,picking
52.77489926363636,-1.1978416545454544,picking
52.77495671818181,-1.1979259727272726,picking
52.77501417272727,-1.1980102909090908,picking
52.77507162727272,-1.1980946090909093,picking
52.77512908181818,-1.1981789272727275,picking
52.775186536363634,-1.1982632454545457,picking
52.77524399090909,-1.1983475636363639,picking
52.775301445454545,-1.1984318818181823,picking
52.7753589,-1.1985162000000005,picking
52.77541512857143,-1.198603328571429,picking
52.775471357142855,-1.1986904571428576,picking
52.775527585714286,-1.1987775857142862,picking
52.77558381428571,-1.198864714285715,picking
52.77564004285714,-1.1989518428571435,picking
52.775696271428565,-1.199038971428572,picking
52.775752499999996,-1.1991261000000006,picking
52.77580474,-1.1990346000000003,picking
52.77585698,-1.1989431000000002,picking
52.775909219999996,-1.1988515999999998,picking
52.77596146,-1.1987600999999997,picking
52.7760137,-1.1986685999999993,picking
52.776034247058824,-1.1987935647058818,picking
52.77605479411765,-1.1989185294117641,picking
52.77607534117647,-1.1990434941176467,picking
52.7760958882353,-1.1991684588235292,picking
52.776116435294114,-1.1992934235294115,picking
52.77613698235294,-1.199418388235294,picking
52.77615752941176,-1.1995433529411765,picking
52.776178076470586,-1.1996683176470588,picking
52.77619862352941,-1.1997932823529414,picking
52.776219170588234,-1.1999182470588237,picking
52.77623971764706,-1.2000432117647062,picking
52.77626026470588,-1.2001681764705887,picking
52.7762808117647,-1.200293141176471,picking
52.776301358823524,-1.2004181058823535,picking
52.77632190588235,-1.200543070588236,picking
52.77634245294117,-1.2006680352941184,picking
52.776362999999996,-1.2007930000000009,picking
52.7763784090909,-1.200917818181819,picking
52.776393818181816,-1.2010426363636373,picking
52.77640922727272,-1.2011674545454554,picking
52.77642463636363,-1.2012922727272735,picking
52.77644004545454,-1.2014170909090918,picking
52.77645545454545,-1.2015419090909099,picking
52.77647086363636,-1.2016667272727282,picking
52.77648627272727,-1.2017915454545463,picking
52.776501681818175,-1.2019163636363643,picking
52.77651709090909,-1.2020411818181826,picking
52.776532499999995,-1.2021660000000007,picking
52.776510249999994,-1.2023142500000006,picking
52.77648799999999,-1.2024625000000004,picking
52.776448537499995,-1.2025788250000002,picking
52.776409075,-1.2026951500000003,picking
52.7763696125,-1.202811475,picking
52.77633015,-1.2029277999999999,picking
52.7762906875,-1.203044125,picking
52.776251225,-1.2031604499999997,picking
52.776211762500004,-1.2032767749999997,picking
52.776172300000006,-1.2033930999999995,picking
52.77613388888889,-1.203513944444444,picking
52.77609547777778,-1.2036347888888885,picking
52.77605706666667,-1.203755633333333,picking
52.77601865555555,-1.2038764777777775,picking
52.77598024444444,-1.203997322222222,picking
52.77594183333333,-1.2041181666666665,picking
52.775903422222214,-1.204239011111111,picking
52.7758650111111,-1.2043598555555555,picking
52.77582659999999,-1.2044807,picking
52.77578357499999,-1.2045964125,picking
52.775740549999995,-1.204712125,picking
52.77569752499999,-1.2048278374999999,picking
52.775654499999995,-1.2049435499999999,picking
52.775611475,-1.2050592625,picking
52.775568449999994,-1.205174975,picking
52.775525425,-1.2052906875,picking
52.7754824,-1.2054064,picking
52.7754315625,-1.20550505,picking
52.775380725,-1.2056037,picking
52.7753298875,-1.20570235,picking
52.775279049999995,-1.2058010000000001,picking
52.7752282125,-1.20589965,picking
52.775177375,-1.2059983,picking
52.77512653749999,-1.20609695,picking
52.775075699999995,-1.2061956,picking
52.77505580833333,-1.2063198000000002,picking
52.77503591666666,-1.206444,picking
52.77501602499999,-1.2065682000000002,picking
52.774996133333325,-1.2066924000000003,picking
52.77497624166666,-1.2068166000000002,picking
52.77495635,-1.2069408000000004,picking
52.77493645833333,-1.2070650000000005,picking
52.77491656666666,-1.2071892000000004,picking
52.774896674999994,-1.2073134000000005,picking
52.774876783333326,-1.2074376000000007,picking
52.77485689166666,-1.2075618000000006,picking
52.77483699999999,-1.2076860000000007,picking
52.77478839999999,-1.2079070000000012,picking
52.77476416666666,-1.2080436000000006,picking
52.77473993333332,-1.2081802,picking
52.77471569999999,-1.2083167999999993,picking
52.774691191666655,-1.2084430083333328,picking
52.77466668333332,-1.2085692166666662,picking
52.77464217499999,-1.2086954249999997,picking
52.77461766666666,-1.208821633333333,picking
52.774593158333325,-1.2089478416666666,picking
52.77456864999999,-1.20907405,picking
52.77454414166666,-1.2092002583333334,picking
52.77451963333333,-1.209326466666667,picking
52.774495124999994,-1.2094526750000003,picking
52.77447061666666,-1.2095788833333339,picking
52.77444610833333,-1.2097050916666672,picking
52.7744216,-1.2098313000000007,picking
52.774415100000006,-1.2098761000000005,picking
52.774353225,-1.2099689250000005,picking
52.77429135,-1.2100617500000006,picking
52.774229475,-1.2101545750000007,picking
52.77416759999999,-1.2102474000000008,picking
52.77411825,-1.2103607000000007,picking
52.7740689,-1.210474000000001,picking
52.77404009999999,-1.210634000000001,picking
52.77408689999999,-1.210743100000001,picking
52.77413369999999,-1.2108522000000008,picking
52.7741805,-1.2109613000000006,picking
52.7742273,-1.2110704000000005,picking
52.7742896,-1.2111645000000006,picking
52.7743519,-1.2112586000000007,picking
52.7744142,-1.211352700000001,picking
52.7744765,-1.2114468000000012,picking
52.7745388,-1.2115409000000013,picking
52.774597766666666,-1.211626200000001,picking
52.77465673333334,-1.2117115000000007,picking
52.7747157,-1.2117968000000006,picking
52.774774666666666,-1.2118821000000004,picking
52.77483363333334,-1.2119674,picking
52.7748926,-1.2120526999999999,picking
52.7749523,-1.2121301142857144,picking
52.775012000000004,-1.2122075285714287,picking
52.775071700000005,-1.2122849428571432,picking
52.7751314,-1.2123623571428574,picking
52.7751911,-1.212439771428572,picking
52.7752508,-1.2125171857142862,picking
52.7753105,-1.2125946000000007,picking
52.77536975,-1.2125176500000006,picking
52.775429,-1.2124407000000001,picking
52.77548825,-1.2123637499999997,picking
52.7755475,-1.2122867999999996,picking
52.77549309999999,-1.2121960999999999,delivering
52.7755475,-1.2122867999999996,delivering
52.77548825,-1.2123637499999997,delivering
52.775429,-1.2124407000000001,delivering
52.77536975,-1.2125176500000006,delivering
52.7753105,-1.2125946000000007,delivering
52.7752508,-1.2125171857142862,delivering
52.7751911,-1.212439771428572,delivering
52.7751314,-1.2123623571428574,delivering
52.775071700000005,-1.2122849428571432,delivering
52.775012000000004,-1.2122075285714287,delivering
52.7749523,-1.2121301142857144,delivering
52.7748926,-1.2120526999999999,delivering
52.77483363333334,-1.2119674,delivering
52.774774666666666,-1.2118821000000004,delivering
52.7747157,-1.2117968000000006,delivering
52.77465673333334,-1.2117115000000007,delivering
52.774597766666666,-1.211626200000001,delivering
52.7745388,-1.2115409000000013,delivering
52.77449032,-1.2114291400000012,delivering
52.77444184,-1.211317380000001,delivering
52.77439336,-1.211205620000001,delivering
52.77434488,-1.2110938600000007,delivering
52.7742964,-1.2109821000000007,delivering
52.77428966,-1.2108564200000005,delivering
52.774282920000005,-1.2107307400000002,delivering
52.77427618,-1.2106050599999998,delivering
52.774269440000005,-1.2104793799999995,delivering
52.77426270000001,-1.2103536999999993,delivering
52.774300800000006,-1.2102342999999995,delivering
52.774338900000004,-1.2101148999999998,delivering
52.77437700000001,-1.2099955000000002,delivering
52.774415100000006,-1.2098761000000005,delivering
52.7744216,-1.2098313000000007,delivering
52.77444610833333,-1.2097050916666672,delivering
52.77447061666666,-1.2095788833333339,delivering
52.774495124999994,-1.2094526750000003,delivering
52.77451963333333,-1.209326466666667,delivering
52.77454414166666,-1.2092002583333334,delivering
52.77456864999999,-1.20907405,delivering
52.774593158333325,-1.2089478416666666,delivering
52.77461766666666,-1.208821633333333,delivering
52.77464217499999,-1.2086954249999997,delivering
52.77466668333332,-1.2085692166666662,delivering
52.774691191666655,-1.2084430083333328,delivering
52.77471569999999,-1.2083167999999993,delivering
52.77473993333332,-1.2081802,delivering
52.77476416666666,-1.2080436000000006,delivering
52.77478839999999,-1.2079070000000012,delivering
52.77483699999999,-1.2076860000000007,delivering
52.77478173749999,-1.2076006500000007,delivering
52.774726474999994,-1.2075153000000007,delivering
52.77467121249999,-1.2074299500000008,delivering
52.77461594999999,-1.2073446000000008,delivering
52.77456068749999,-1.2072592500000006,delivering
52.77450542499999,-1.2071739000000006,delivering
52.77445016249999,-1.2070885500000006,delivering
52.77439489999999,-1.2070032000000006,delivering
52.77435669999999,-1.2068949571428578,delivering
52.77431849999999,-1.206786714285715,delivering
52.774280299999994,-1.206678471428572,delivering
52.77424209999999,-1.2065702285714293,delivering
52.77420389999999,-1.2064619857142864,delivering
52.77416569999999,-1.2063537428571436,delivering
52.77412749999999,-1.2062455000000005,delivering
52.77408929999999,-1.2061372571428577,delivering
52.774051099999994,-1.2060290142857149,delivering
52.774012899999995,-1.205920771428572,delivering
52.77397469999999,-1.2058125285714292,delivering
52.77393649999999,-1.2057042857142863,delivering
52.77389829999999,-1.2055960428571435,delivering
52.77386009999999,-1.2054878000000007,delivering
52.77380111666666,-1.2053884666666672,delivering
52.77374213333333,-1.2052891333333338,delivering
52.77368315,-1.2051898000000003,delivering
52.773624166666664,-1.205090466666667,delivering
52.77356518333333,-1.2049911333333336,delivering
52.7735062,-1.2048918000000002,delivering
52.77347366666667,-1.2047376333333337,delivering
52.77344113333333,-1.204583466666667,delivering
52.773408599999996,-1.2044293000000006,picking
52.77335852499999,-1.2043202750000006,picking
52.773308449999995,-1.2042112500000006,picking
52.773258375,-1.2041022250000006,picking
52.77320829999999,-1.2039932000000007,picking
52.77315208571428,-1.2039113428571435,picking
52.773095871428566,-1.2038294857142862,picking
52.77303965714285,-1.203747628571429,picking
52.77298344285714,-1.203665771428572,picking
52.772927228571426,-1.2035839142857148,picking
52.77287101428571,-1.2035020571428574,picking
52.7728148,-1.2034202000000003,picking
52.77286681818182,-1.2033307181818185,picking
52.77291883636364,-1.2032412363636367,picking
52.772970854545456,-1.2031517545454549,picking
52.773022872727275,-1.203062272727273,picking
52.77307489090909,-1.2029727909090913,picking
52.77312690909091,-1.2028833090909097,picking
52.77317892727273,-1.2027938272727279,picking
52.77323094545455,-1.202704345454546,picking
52.77328296363637,-1.2026148636363643,picking
52.77333498181819,-1.2025253818181825,picking
52.77338700000001,-1.2024359000000007,picking
52.773451800000004,-1.2025077300000007,picking
52.77351660000001,-1.2025795600000004,picking
52.773581400000005,-1.2026513900000004,picking
52.7736462,-1.2027232200000002,picking
52.773711000000006,-1.2027950500000002,picking
52.7737758,-1.2028668800000002,picking
52.7738406,-1.20293871,picking
52.7739054,-1.20301054,picking
52.7739702,-1.2030823699999997,picking
52.774035,-1.2031541999999997,picking
52.774109499999994,-1.2030955374999996,picking
52.77418399999999,-1.2030368749999996,picking
52.774258499999995,-1.2029782124999995,picking
52.77433299999999,-1.2029195499999994,picking
52.77440749999999,-1.2028608874999995,picking
52.77448199999999,-1.2028022249999994,picking
52.77455649999999,-1.2027435624999994,picking
52.774630999999985,-1.2026848999999993,picking
52.77470705999998,-1.2026641439999994,picking
52.77478311999999,-1.2026433879999994,picking
52.774859179999986,-1.2026226319999995,picking
52.774935239999984,-1.2026018759999995,picking
52.77501129999999,-1.2025811199999996,picking
52.775087359999986,-1.2025603639999995,picking
52.77516341999999,-1.2025396079999997,picking
52.77523947999999,-1.2025188519999996,picking
52.77531553999999,-1.2024980959999998,picking
52.77539159999999,-1.20247734,picking
52.77546765999999,-1.2024565839999999,picking
52.77554371999999,-1.202435828,picking
52.77561977999999,-1.202415072,picking
52.77569583999999,-1.2023943160000001,picking
52.77577189999999,-1.20237356,picking
52.77584795999999,-1.2023528040000002,picking
52.77592401999999,-1.2023320480000004,picking
52.77600007999999,-1.2023112920000003,picking
52.776076139999994,-1.2022905360000005,picking
52.77615219999999,-1.2022697800000004,picking
52.776228259999996,-1.2022490240000006,picking
52.776304319999994,-1.2022282680000005,picking
52.77638037999999,-1.2022075120000006,picking
52.77645644,-1.2021867560000006,picking
52.776532499999995,-1.2021660000000007,picking
52.776510249999994,-1.2023142500000006,picking
52.77648799999999,-1.2024625000000004,picking
52.77653996551724,-1.2025566724137935,picking
52.776591931034474,-1.2026508448275866,picking
52.77664389655172,-1.2027450172413796,picking
52.776695862068955,-1.202839189655173,picking
52.7767478275862,-1.202933362068966,picking
52.77679979310344,-1.203027534482759,picking
52.77685175862068,-1.203121706896552,picking
52.776903724137924,-1.2032158793103451,picking
52.77695568965517,-1.2033100517241382,picking
52.777007655172405,-1.2034042241379312,picking
52.77705962068965,-1.2034983965517245,picking
52.777111586206885,-1.2035925689655176,picking
52.77716355172413,-1.2036867413793106,picking
52.77721551724137,-1.2037809137931037,picking
52.77726748275861,-1.2038750862068968,picking
52.777319448275854,-1.2039692586206898,picking
52.7773714137931,-1.2040634310344829,picking
52.777423379310335,-1.204157603448276,picking
52.77747534482758,-1.2042517758620692,picking
52.777527310344816,-1.2043459482758623,picking
52.77757927586206,-1.2044401206896553,picking
52.777631241379304,-1.2045342931034484,picking
52.77768320689654,-1.2046284655172415,picking
52.777735172413784,-1.2047226379310345,picking
52.77778713793103,-1.2048168103448276,picking
52.777839103448265,-1.2049109827586209,picking
52.77789106896551,-1.205005155172414,picking
52.777943034482746,-1.205099327586207,picking
52.77799499999999,-1.2051935,picking
52.77805934999999,-1.2051270250000001,picking
52.778123699999995,-1.2050605500000002,picking
52.77818805,-1.2049940750000003,picking
52.7782524,-1.2049276000000004,delivering
52.77818805,-1.2049940750000003,delivering
52.778123699999995,-1.2050605500000002,delivering
52.77805934999999,-1.2051270250000001,delivering
52.77799499999999,-1.2051935,delivering
52.777943034482746,-1.205099327586207,delivering
52.77789106896551,-1.205005155172414,delivering
52.777839103448265,-1.2049109827586209,delivering
52.77778713793103,-1.2048168103448276,delivering
52.777735172413784,-1.2047226379310345,delivering
52.77768320689654,-1.2046284655172415,delivering
52.777631241379304,-1.2045342931034484,delivering
52.77757927586206,-1.2044401206896553,delivering
52.777527310344816,-1.2043459482758623,delivering
52.77747534482758,-1.2042517758620692,delivering
52.777423379310335,-1.204157603448276,delivering
52.7773714137931,-1.2040634310344829,delivering
52.777319448275854,-1.2039692586206898,delivering
52.77726748275861,-1.2038750862068968,delivering
52.77721551724137,-1.2037809137931037,delivering
52.77716355172413,-1.2036867413793106,delivering
52.777111586206885,-1.2035925689655176,delivering
52.77705962068965,-1.2034983965517245,delivering
52.777007655172405,-1.2034042241379312,delivering
52.77695568965517,-1.2033100517241382,delivering
52.776903724137924,-1.2032158793103451,delivering
52.77685175862068,-1.203121706896552,delivering
52.77679979310344,-1.203027534482759,delivering
52.7767478275862,-1.202933362068966,delivering
52.776695862068955,-1.202839189655173,delivering
52.77664389655172,-1.2027450172413796,delivering
52.776591931034474,-1.2026508448275866,delivering
52.77653996551724,-1.2025566724137935,delivering
52.77648799999999,-1.2024625000000004,delivering
52.776510249999994,-1.2023142500000006,delivering
52.776532499999995,-1.2021660000000007,delivering
52.77651709090909,-1.2020411818181826,delivering
52.776501681818175,-1.2019163636363643,delivering
52.77648627272727,-1.2017915454545463,delivering
52.77647086363636,-1.2016667272727282,delivering
52.77645545454545,-1.2015419090909099,delivering
52.77644004545454,-1.2014170909090918,delivering
52.77642463636363,-1.2012922727272735,delivering
52.77640922727272,-1.2011674545454554,delivering
52.776393818181816,-1.2010426363636373,delivering
52.7763784090909,-1.200917818181819,delivering
52.776362999999996,-1.2007930000000009,delivering
52.77634245294117,-1.2006680352941184,delivering
52.77632190588235,-1.200543070588236,delivering
52.776301358823524,-1.2004181058823535,delivering
52.7762808117647,-1.200293141176471,delivering
52.77626026470588,-1.2001681764705887,delivering
52.77623971764706,-1.2000432117647062,delivering
52.776219170588234,-1.1999182470588237,delivering
52.77619862352941,-1.1997932823529414,delivering
52.776178076470586,-1.1996683176470588,delivering
52.77615752941176,-1.1995433529411765,delivering
52.77613698235294,-1.199418388235294,delivering
52.776116435294114,-1.1992934235294115,delivering
52.7760958882353,-1.1991684588235292,delivering
52.77607534117647,-1.1990434941176467,delivering
52.77605479411765,-1.1989185294117641,delivering
52.776034247058824,-1.1987935647058818,delivering
52.7760137,-1.1986685999999993,delivering
52.77596146,-1.1987600999999997,delivering
52.775909219999996,-1.1988515999999998,delivering
52.77585698,-1.1989431000000002,delivering
52.77580474,-1.1990346000000003,delivering
52.775752499999996,-1.1991261000000006,delivering
52.775696271428565,-1.199038971428572,delivering
52.77564004285714,-1.1989518428571435,delivering
52.77558381428571,-1.198864714285715,delivering
52.775527585714286,-1.1987775857142862,delivering
52.775471357142855,-1.1986904571428576,delivering
52.77541512857143,-1.198603328571429,delivering
52.7753589,-1.1985162000000005,delivering
52.775301445454545,-1.1984318818181823,delivering
52.77524399090909,-1.1983475636363639,delivering
52.775186536363634,-1.1982632454545457,delivering
52.77512908181818,-1.1981789272727275,delivering
52.77507162727272,-1.1980946090909093,delivering
52.77501417272727,-1.1980102909090908,delivering
52.77495671818181,-1.1979259727272726,delivering
52.77489926363636,-1.1978416545454544,delivering
52.7748418090909,-1.1977573363636362,delivering
52.774784354545446,-1.1976730181818178,delivering
52.77472689999999,-1.1975886999999996,delivering
52.77466515833333,-1.1975079666666664,delivering
52.77460341666666,-1.197427233333333,delivering
52.774541674999995,-1.1973464999999996,delivering
52.774479933333325,-1.1972657666666664,delivering
52.77441819166666,-1.197185033333333,delivering
52.77435645,-1.1971042999999997,delivering
52.77429470833333,-1.1970235666666664,delivering
52.774232966666666,-1.196942833333333,delivering
52.774171224999996,-1.1968620999999997,delivering
52.77410948333333,-1.1967813666666665,delivering
52.774047741666664,-1.196700633333333,delivering
52.773986,-1.1966198999999997,delivering
52.773912805882354,-1.1966567058823527,delivering
52.77383961176471,-1.1966935117647055,delivering
52.77376641764706,-1.1967303176470585,delivering
52.77369322352941,-1.1967671235294115,delivering
52.77362002941176,-1.1968039294117645,delivering
52.77354683529411,-1.1968407352941173,delivering
52.773473641176466,-1.1968775411764703,delivering
52.77340044705882,-1.1969143470588233,delivering
52.77332725294117,-1.196951152941176,delivering
52.773254058823525,-1.196987958823529,delivering
52.77318086470588,-1.197024764705882,delivering
52.77310767058823,-1.1970615705882348,delivering
52.77303447647058,-1.1970983764705878,delivering
52.77296128235293,-1.1971351823529408,delivering
52.772888088235284,-1.1971719882352938,delivering
52.77281489411764,-1.1972087941176466,delivering
52.77274169999999,-1.1972455999999996,delivering
52.772660633333324,-1.1972633666666668,delivering
52.772579566666664,-1.197281133333334,delivering
52.7724985,-1.1972989000000012,delivering
52.7724815,-1.1970805000000007,delivering
52.772475963157895,-1.1969515736842111,delivering
52.772470426315785,-1.1968226473684218,delivering
52.77246488947368,-1.1966937210526323,delivering
52.77245935263157,-1.1965647947368427,delivering
52.77245381578947,-1.1964358684210532,delivering
52.77244827894736,-1.196306942105264,delivering
52.772442742105255,-1.1961780157894744,delivering
52.77243720526315,-1.1960490894736848,delivering
52.77243166842104,-1.1959201631578953,delivering
52.77242613157894,-1.195791236842106,delivering
52.77242059473683,-1.1956623105263164,delivering
52.772415057894726,-1.195533384210527,delivering
52.77240952105262,-1.1954044578947374,delivering
52.77240398421051,-1.195275531578948,delivering
52.77239844736841,-1.1951466052631585,delivering
52.7723929105263,-1.195017678947369,delivering
52.7723873736842,-1.1948887526315795,delivering
52.77238183684209,-1.1947598263157901,delivering
52.77237629999998,-1.1946309000000006,delivering
52.77234916666665,-1.1945108500000008,delivering
52.77232203333332,-1.194390800000001,delivering
52.772294899999984,-1.1942707500000012,delivering
52.77226776666665,-1.1941507000000013,delivering
52.77224063333332,-1.1940306500000015,delivering
52.772213499999985,-1.1939106000000017,delivering
52.77215825999999,-1.1938268600000015,delivering
52.77210301999999,-1.1937431200000013,delivering
52.772047779999994,-1.193659380000001,delivering
52.77199253999999,-1.1935756400000008,delivering
52.7719373,-1.1934919000000006,delivering
52.77188206,-1.1934081600000002,delivering
52.77182682,-1.19332442,delivering
52.77177158000001,-1.1932406799999997,delivering
52.771716340000005,-1.1931569399999995,delivering
52.77166110000001,-1.1930731999999993,delivering
52.77160920000001,-1.1931681444444437,delivering
52.771557300000005,-1.1932630888888882,delivering
52.7715054,-1.193358033333333,delivering
52.7714535,-1.1934529777777774,delivering
52.771401600000004,-1.1935479222222218,delivering
52.7713497,-1.1936428666666663,delivering
52.7712978,-1.193737811111111,delivering
52.7712459,-1.1938327555555555,delivering
52.771193999999994,-1.1939277,delivering
52.77114266666666,-1.1940202000000004,delivering
52.77109133333333,-1.194112700000001,delivering
52.77104,-1.1942052000000014,delivering
52.770985075,-1.1943029625000012,delivering
52.77093015,-1.1944007250000008,delivering
52.770875225,-1.1944984875000006,delivering
52.7708203,-1.1945962500000005,delivering
52.770765375,-1.1946940125,delivering
52.77071045,-1.194791775,delivering
52.770655525,-1.1948895374999995,delivering
52.7706006,-1.1949872999999993,delivering
52.77067116,-1.1950267199999993,delivering
52.770741720000004,-1.1950661399999993,delivering
52.77081228,-1.1951055599999993,delivering
52.77088284,-1.1951449799999994,delivering
52.770953399999996,-1.1951843999999991,delivering
52.77102396,-1.1952238199999992,delivering
52.77109452,-1.1952632399999992,delivering
52.771165079999996,-1.1953026599999992,delivering
52.77123564,-1.1953420799999992,delivering
52.7713062,-1.1953814999999992,picking
52.77123564,-1.1953420799999992,picking
52.771165079999996,-1.1953026599999992,picking
52.77109452,-1.1952632399999992,picking
52.77102396,-1.1952238199999992,picking
52.770953399999996,-1.1951843999999991,picking
52.77088284,-1.1951449799999994,picking
52.77081228,-1.1951055599999993,picking
52.770741720000004,-1.1950661399999993,picking
52.77067116,-1.1950267199999993,picking
52.7706006,-1.1949872999999993,picking
52.770655525,-1.1948895374999995,picking
52.77071045,-1.194791775,picking
52.770765375,-1.1946940125,picking
52.7708203,-1.1945962500000005,picking
52.770875225,-1.1944984875000006,picking
52.77093015,-1.1944007250000008,picking
52.770985075,-1.1943029625000012,picking
52.77104,-1.1942052000000014,picking
52.77109133333333,-1.194112700000001,picking
52.77114266666666,-1.1940202000000004,picking
52.771193999999994,-1.1939277,picking
52.7712459,-1.1938327555555555,picking
52.7712978,-1.193737811111111,picking
52.7713497,-1.1936428666666663,picking
52.771401600000004,-1.1935479222222218,picking
52.7714535,-1.1934529777777774,picking
52.7715054,-1.193358033333333,picking
52.771557300000005,-1.1932630888888882,picking
52.77160920000001,-1.1931681444444437,picking
52.77166110000001,-1.1930731999999993,picking
52.771716340000005,-1.1931569399999995,picking
52.77177158000001,-1.1932406799999997,picking
52.77182682,-1.19332442,picking
52.77188206,-1.1934081600000002,picking
52.7719373,-1.1934919000000006,picking
52.77199253999999,-1.1935756400000008,picking
52.772047779999994,-1.193659380000001,picking
52.77210301999999,-1.1937431200000013,picking
52.77215825999999,-1.1938268600000015,picking
52.772213499999985,-1.1939106000000017,picking
52.77224063333332,-1.1940306500000015,picking
52.77226776666665,-1.1941507000000013,picking
52.772294899999984,-1.1942707500000012,picking
52.77232203333332,-1.194390800000001,picking
52.77234916666665,-1.1945108500000008,picking
52.77237629999998,-1.1946309000000006,picking
52.77238183684209,-1.1947598263157901,picking
52.7723873736842,-1.1948887526315795,picking
52.7723929105263,-1.195017678947369,picking
52.77239844736841,-1.1951466052631585,picking
52.77240398421051,-1.195275531578948,picking
52.77240952105262,-1.1954044578947374,picking
52.772415057894726,-1.195533384210527,picking
52.77242059473683,-1.1956623105263164,picking
52.77242613157894,-1.195791236842106,picking
52.77243166842104,-1.1959201631578953,picking
52.77243720526315,-1.1960490894736848,picking
52.772442742105255,-1.1961780157894744,picking
52.77244827894736,-1.196306942105264,picking
52.77245381578947,-1.1964358684210532,picking
52.77245935263157,-1.1965647947368427,picking
52.77246488947368,-1.1966937210526323,picking
52.772470426315785,-1.1968226473684218,picking
52.772475963157895,-1.1969515736842111,picking
52.7724815,-1.1970805000000007,picking
52.7724985,-1.1972989000000012,picking
52.772579566666664,-1.197281133333334,picking
52.772660633333324,-1.1972633666666668,picking
52.77274169999999,-1.1972455999999996,picking
52.77277976666666,-1.1973835333333334,picking
52.77281783333333,-1.1975214666666671,picking
52.772855899999996,-1.197659400000001,picking
52.77291018,-1.1977764800000008,picking
52.77296446,-1.197893560000001,picking
52.77301873999999,-1.1980106400000008,picking
52.77307301999999,-1.198127720000001,picking
52.77312729999999,-1.1982448000000008,picking
52.77319176999999,-1.1981638400000005,picking
52.773256239999995,-1.1980828800000005,picking
52.77332070999999,-1.1980019200000003,picking
52.77338518,-1.19792096,picking
52.773449649999996,-1.1978399999999998,picking
52.773514119999994,-1.1977590399999998,picking
52.77357859,-1.1976780799999995,picking
52.77364306,-1.1975971199999993,picking
52.77370753,-1.1975161599999993,picking
52.773772,-1.197435199999999,picking
52.773825,-1.1975245428571422,picking
52.773877999999996,-1.1976138857142853,picking
52.773931,-1.1977032285714284,picking
52.773984,-1.1977925714285718,picking
52.774037,-1.1978819142857149,picking
52.774089999999994,-1.197971257142858,picking
52.774142999999995,-1.1980606000000011,picking
52.77419953571428,-1.198147350000001,picking
52.77425607142857,-1.198234100000001,picking
52.77431260714285,-1.1983208500000007,picking
52.77436914285714,-1.1984076000000006,picking
52.774425678571426,-1.1984943500000005,picking
52.77448221428571,-1.1985811000000004,picking
52.77453875,-1.19866785,picking
52.774595285714284,-1.1987546,picking
52.77465182142857,-1.19884135,picking
52.774708357142856,-1.1989280999999998,picking
52.77476489285714,-1.1990148499999997,picking
52.77482142857143,-1.1991015999999994,picking
52.774877964285714,-1.1991883499999993,picking
52.7749345,-1.1992750999999993,picking
52.7748685,-1.1994001499999998,picking
52.77480249999999,-1.1995252,picking
52.77486,-1.1996104285714286,picking
52.774917499999994,-1.1996956571428572,picking
52.774975,-1.1997808857142858,picking
52.775032499999995,-1.1998661142857145,picking
52.77509,-1.199951342857143,picking
52.775147499999996,-1.2000365714285717,picking
52.775205,-1.2001218000000002,picking
52.775153275,-1.200222291666667,picking
52.77510155,-1.2003227833333336,picking
52.775049824999996,-1.2004232750000003,picking
52.7749981,-1.200523766666667,picking
52.774946375,-1.2006242583333337,picking
52.77489465,-1.2007247500000005,picking
52.774842925,-1.2008252416666674,picking
52.7747912,-1.200925733333334,picking
52.774739475000004,-1.2010262250000008,picking
52.77468775,-1.2011267166666675,picking
52.774636025,-1.2012272083333342,picking
52.7745843,-1.2013277000000009,picking
52.77451804117647,-1.2013865411764715,picking
52.77445178235294,-1.201445382352942,picking
52.77438552352941,-1.2015042235294127,picking
52.77431926470588,-1.2015630647058833,picking
52.77425300588236,-1.2016219058823536,picking
52.77418674705883,-1.2016807470588242,picking
52.7741204882353,-1.2017395882352948,picking
52.77405422941177,-1.2017984294117654,picking
52.77398797058824,-1.201857270588236,picking
52.77392171176471,-1.2019161117647066,picking
52.77385545294118,-1.2019749529411772,picking
52.77378919411765,-1.2020337941176478,picking
52.773722935294124,-1.2020926352941181,picking
52.773656676470594,-1.2021514764705887,picking
52.773590417647064,-1.2022103176470593,picking
52.773524158823534,-1.20226915882353,picking
52.773457900000004,-1.2023280000000005,picking
52.77338700000001,-1.2024359000000007,picking
52.77333498181819,-1.2025253818181825,picking
52.77328296363637,-1.2026148636363643,picking
52.77323094545455,-1.202704345454546,picking
52.77317892727273,-1.2027938272727279,picking
52.77312690909091,-1.2028833090909097,picking
52.77307489090909,-1.2029727909090913,picking
52.773022872727275,-1.203062272727273,picking
52.772970854545456,-1.2031517545454549,picking
52.77291883636364,-1.2032412363636367,picking
52.77286681818182,-1.2033307181818185,picking
52.7728148,-1.2034202000000003,picking
52.77274678888889,-1.2033547888888891,picking
52.77267877777778,-1.2032893777777782,picking
52.772610766666666,-1.203223966666667,picking
52.772542755555556,-1.2031585555555562,picking
52.772474744444445,-1.203093144444445,picking
52.772406733333334,-1.203027733333334,picking
52.77233872222222,-1.202962322222223,picking
52.77227071111111,-1.2028969111111119,picking
52.772202699999994,-1.2028315000000007,picking
52.77213468888888,-1.2027660888888898,picking
52.77206667777777,-1.2027006777777787,picking
52.77199866666666,-1.2026352666666678,picking
52.77193065555555,-1.2025698555555566,picking
52.77186264444444,-1.2025044444444455,picking
52.77179463333333,-1.2024390333333346,picking
52.77172662222222,-1.2023736222222234,picking
52.77165861111111,-1.2023082111111125,picking
52.771590599999996,-1.2022428000000014,picking
52.77151523636363,-1.2022438181818196,picking
52.77143987272727,-1.2022448363636375,picking
52.77136450909091,-1.2022458545454557,picking
52.771289145454546,-1.202246872727274,picking
52.77121378181818,-1.2022478909090921,picking
52.77113841818181,-1.20224890909091,picking
52.77106305454545,-1.2022499272727283,picking
52.77098769090909,-1.2022509454545465,picking
52.770912327272725,-1.2022519636363647,picking
52.77083696363636,-1.2022529818181826,picking
52.7707616,-1.2022540000000008,delivering
52.770693599999994,-1.2023126500000005,delivering
52.77062559999999,-1.2023713000000003,delivering
52.77056515999999,-1.2024496000000002,delivering
52.77050471999999,-1.2025279000000004,delivering
52.77044427999999,-1.2026062000000004,delivering
52.770383839999994,-1.2026845000000006,delivering
52.770323399999995,-1.2027628000000006,delivering
52.7702214,-1.2029306000000004,delivering
52.7701744,-1.2030090000000015,delivering
52.770130249999994,-1.2031269000000009,delivering
52.77008609999999,-1.2032448,delivering
52.77015186666666,-1.2031612666666671,delivering
52.77021763333333,-1.203077733333334,delivering
52.7702834,-1.2029942000000011,delivering
52.770346866666664,-1.2029069500000011,delivering
52.770410333333324,-1.2028197000000012,delivering
52.77047379999999,-1.202732450000001,delivering
52.77053726666666,-1.202645200000001,delivering
52.77060073333332,-1.202557950000001,delivering
52.770664199999985,-1.202470700000001,delivering
52.77073209999998,-1.20250466451613,delivering
52.77079999999999,-1.202538629032259,delivering
52.770867899999985,-1.202572593548388,delivering
52.77093579999998,-1.202606558064517,delivering
52.77100369999999,-1.202640522580646,delivering
52.771071599999985,-1.2026744870967752,delivering
52.77113949999998,-1.202708451612904,delivering
52.77120739999999,-1.2027424161290332,delivering
52.771275299999985,-1.2027763806451621,delivering
52.77134319999999,-1.2028103451612913,delivering
52.77141109999999,-1.2028443096774202,delivering
52.771478999999985,-1.2028782741935493,delivering
52.77154689999999,-1.2029122387096782,delivering
52.77161479999999,-1.2029462032258074,delivering
52.771682699999985,-1.2029801677419363,delivering
52.77175059999999,-1.2030141322580654,delivering
52.77181849999999,-1.2030480967741943,delivering
52.771886399999985,-1.2030820612903235,delivering
52.77195429999999,-1.2031160258064524,delivering
52.77202219999999,-1.2031499903225815,delivering
52.772090099999986,-1.2031839548387104,delivering
52.77215799999999,-1.2032179193548396,delivering
52.77222589999999,-1.2032518838709685,delivering
52.77229379999999,-1.2032858483870976,delivering
52.77236169999999,-1.2033198129032265,delivering
52.77242959999999,-1.2033537774193557,delivering
52.77249749999999,-1.2033877419354846,delivering
52.77256539999999,-1.2034217064516137,delivering
52.77263329999999,-1.2034556709677426,delivering
52.77270119999999,-1.2034896354838718,delivering
52.77276909999999,-1.2035236000000007,delivering
52.77283184285714,-1.2035906857142864,delivering
52.772894585714276,-1.203657771428572,delivering
52.77295732857142,-1.2037248571428578,delivering
52.77302007142856,-1.2037919428571435,delivering
52.77308281428571,-1.2038590285714292,delivering
52.77314555714285,-1.203926114285715,delivering
52.77320829999999,-1.2039932000000007,delivering
52.773258375,-1.2041022250000006,delivering
52.773308449999995,-1.2042112500000006,delivering
52.77335852499999,-1.2043202750000006,delivering
52.773408599999996,-1.2044293000000006,delivering
52.77344113333333,-1.204583466666667,delivering
52.77347366666667,-1.2047376333333337,delivering
52.7735062,-1.2048918000000002,delivering
52.77356518333333,-1.2049911333333336,delivering
52.773624166666664,-1.205090466666667,delivering
52.77368315,-1.2051898000000003,delivering
52.77374213333333,-1.2052891333333338,delivering
52.77380111666666,-1.2053884666666672,delivering
52.77386009999999,-1.2054878000000007,delivering
52.77389829999999,-1.2055960428571435,delivering
52.77393649999999,-1.2057042857142863,delivering
52.77397469999999,-1.2058125285714292,delivering
52.774012899999995,-1.205920771428572,delivering
52.774051099999994,-1.2060290142857149,delivering
52.77408929999999,-1.2061372571428577,delivering
52.77412749999999,-1.2062455000000005,delivering
52.77416569999999,-1.2063537428571436,delivering
52.77420389999999,-1.2064619857142864,delivering
52.77424209999999,-1.2065702285714293,delivering
52.774280299999994,-1.206678471428572,delivering
52.77431849999999,-1.206786714285715,delivering
52.77435669999999,-1.2068949571428578,delivering
52.77439489999999,-1.2070032000000006,delivering
52.77443862222221,-1.207103622222223,delivering
52.774482344444436,-1.2072040444444452,delivering
52.77452606666666,-1.2073044666666675,delivering
52.77456978888888,-1.2074048888888897,delivering
52.7746135111111,-1.207505311111112,delivering
52.77465723333332,-1.2076057333333343,delivering
52.774700955555545,-1.2077061555555566,delivering
52.77474467777777,-1.207806577777779,delivering
52.77478839999999,-1.2079070000000012,delivering
52.77476416666666,-1.2080436000000006,delivering
52.77473993333332,-1.2081802,delivering
52.77471569999999,-1.2083167999999993,delivering
52.774691191666655,-1.2084430083333328,delivering
52.77466668333332,-1.2085692166666662,delivering
52.77464217499999,-1.2086954249999997,delivering
52.77461766666666,-1.208821633333333,delivering
52.774593158333325,-1.2089478416666666,delivering
52.77456864999999,-1.20907405,delivering
52.77454414166666,-1.2092002583333334,delivering
52.77451963333333,-1.209326466666667,delivering
52.774495124999994,-1.2094526750000003,delivering
52.77447061666666,-1.2095788833333339,delivering
52.77444610833333,-1.2097050916666672,delivering
52.7744216,-1.2098313000000007,delivering
52.774415100000006,-1.2098761000000005,delivering
52.774353225,-1.2099689250000005,delivering
52.77429135,-1.2100617500000006,delivering
52.774229475,-1.2101545750000007,delivering
52.77416759999999,-1.2102474000000008,delivering
52.77411825,-1.2103607000000007,delivering
52.7740689,-1.210474000000001,delivering
52.77404009999999,-1.210634000000001,delivering
52.77408689999999,-1.210743100000001,delivering
52.77413369999999,-1.2108522000000008,delivering
52.7741805,-1.2109613000000006,delivering
52.7742273,-1.2110704000000005,delivering
52.7742896,-1.2111645000000006,delivering
52.7743519,-1.2112586000000007,delivering
52.7744142,-1.211352700000001,delivering
52.7744765,-1.2114468000000012,delivering
52.7745388,-1.2115409000000013,delivering
52.774597766666666,-1.211626200000001,delivering
52.77465673333334,-1.2117115000000007,delivering
52.7747157,-1.2117968000000006,delivering
52.774774666666666,-1.2118821000000004,delivering
52.77483363333334,-1.2119674,delivering
52.7748926,-1.2120526999999999,delivering
52.7749523,-1.2121301142857144,delivering
52.775012000000004,-1.2122075285714287,delivering
52.775071700000005,-1.2122849428571432,delivering
52.7751314,-1.2123623571428574,delivering
52.7751911,-1.212439771428572,delivering
52.7752508,-1.2125171857142862,delivering
52.7753105,-1.2125946000000007,delivering
52.7753553,-1.2127080875000007,delivering
52.7754001,-1.2128215750000004,delivering
52.7754449,-1.2129350625000004,delivering
52.775489699999994,-1.2130485500000003,delivering
52.7755345,-1.2131620375,delivering
52.7755793,-1.213275525,delivering
52.775624099999995,-1.2133890124999998,delivering
52.77566889999999,-1.2135024999999997,delivering
52.77571361999999,-1.2136253799999999,delivering
52.775758339999996,-1.21374826,delivering
52.775803059999994,-1.21387114,delivering
52.77584778,-1.2139940200000001,delivering
52.7758925,-1.2141169000000003,delivering
52.775943299999994,-1.2142166285714289,delivering
52.7759941,-1.2143163571428577,delivering
52.776044899999995,-1.2144160857142863,delivering
52.77609569999999,-1.214515814285715,delivering
52.77614649999999,-1.2146155428571437,delivering
52.77619729999999,-1.2147152714285725,delivering
52.77624809999999,-1.214815000000001,delivering
52.77629307999999,-1.2149140800000007,delivering
52.77633805999999,-1.2150131600000005,delivering
52.77638303999999,-1.21511224,delivering
52.77642802,-1.2152113199999999,delivering
52.776472999999996,-1.2153103999999995,delivering
52.77650714,-1.2154396599999997,delivering
52.776541280000004,-1.21556892,delivering
52.77657542,-1.2156981800000002,delivering
52.776609560000004,-1.2158274400000004,delivering
52.77664370000001,-1.2159567000000007,delivering
52.776685400000005,-1.2161422999999993,delivering
52.7767304125,-1.2162438874999997,delivering
52.776775425000004,-1.2163454749999998,delivering
52.7768204375,-1.2164470625,delivering
52.77686545,-1.2165486500000002,delivering
52.7769104625,-1.2166502375000006,delivering
52.776955474999994,-1.2167518250000007,delivering
52.7770004875,-1.2168534125000008,delivering
52.77704549999999,-1.2169550000000011,delivering
52.77711629999999,-1.2170753500000009,delivering
52.777187099999985,-1.2171957000000007,delivering
52.777247516666655,-1.2172754916666673,delivering
52.77730793333332,-1.217355283333334,delivering
52.77736834999999,-1.2174350750000007,delivering
52.77742876666665,-1.2175148666666673,delivering
52.77748918333332,-1.2175946583333341,delivering
52.777549599999986,-1.2176744500000007,delivering
52.77761001666666,-1.2177542416666673,delivering
52.77767043333333,-1.2178340333333342,delivering
52.77773084999999,-1.2179138250000008,delivering
52.77779126666666,-1.2179936166666674,delivering
52.777851683333324,-1.2180734083333342,delivering
52.777912099999995,-1.2181532000000008,delivering
52.77797421111111,-1.2182285555555563,delivering
52.77803632222221,-1.2183039111111118,delivering
52.77809843333333,-1.2183792666666673,delivering
52.77816054444444,-1.2184546222222228,delivering
52.778222655555545,-1.218529977777778,delivering
52.77828476666666,-1.2186053333333335,delivering
52.77834687777777,-1.218680688888889,delivering
52.77840898888888,-1.2187560444444445,delivering
52.77847109999999,-1.2188314,delivering
52.7785687,-1.2189646999999997,delivering
52.778629366666664,-1.219053233333333,delivering
52.77869003333333,-1.2191417666666664,delivering
52.778750699999996,-1.2192302999999998,delivering
52.778811366666666,-1.2193188333333331,delivering
52.77887203333333,-1.2194073666666667,delivering
52.7789327,-1.2194959,delivering
52.77899336666666,-1.2195844333333334,delivering
52.77905403333333,-1.2196729666666668,delivering
52.779114699999994,-1.2197615000000002,delivering
52.779194999999994,-1.2198817000000002,delivering
52.779296399999986,-1.2200339000000016,delivering
52.77935982222221,-1.2201228000000015,delivering
52.77942324444443,-1.2202117000000015,delivering
52.779486666666656,-1.2203006000000012,delivering
52.779550088888875,-1.2203895000000011,delivering
52.7796135111111,-1.220478400000001,delivering
52.77967693333332,-1.220567300000001,delivering
52.779740355555546,-1.2206562000000007,delivering
52.779803777777765,-1.2207451000000007,delivering
52.77986719999999,-1.2208340000000006,delivering
52.779914299999994,-1.2209079000000005,picking
52.77986719999999,-1.2208340000000006,picking
52.779803777777765,-1.2207451000000007,picking
52.779740355555546,-1.2206562000000007,picking
52.77967693333332,-1.220567300000001,picking
52.7796135111111,-1.220478400000001,picking
52.779550088888875,-1.2203895000000011,picking
52.779486666666656,-1.2203006000000012,picking
52.77942324444443,-1.2202117000000015,picking
52.77935982222221,-1.2201228000000015,picking
52.779296399999986,-1.2200339000000016,picking
52.779194999999994,-1.2198817000000002,picking
52.779114699999994,-1.2197615000000002,picking
52.77905403333333,-1.2196729666666668,picking
52.77899336666666,-1.2195844333333334,picking
52.7789327,-1.2194959,picking
52.77887203333333,-1.2194073666666667,picking
52.778811366666666,-1.2193188333333331,picking
52.778750699999996,-1.2192302999999998,picking
52.77869003333333,-1.2191417666666664,picking
52.778629366666664,-1.219053233333333,picking
52.7785687,-1.2189646999999997,picking
52.77847109999999,-1.2188314,picking
52.77840898888888,-1.2187560444444445,picking
52.77834687777777,-1.218680688888889,picking
52.77828476666666,-1.2186053333333335,picking
52.778222655555545,-1.218529977777778,picking
52.77816054444444,-1.2184546222222228,picking
52.77809843333333,-1.2183792666666673,picking
52.77803632222221,-1.2183039111111118,picking
52.77797421111111,-1.2182285555555563,picking
52.777912099999995,-1.2181532000000008,picking
52.777851683333324,-1.2180734083333342,picking
52.77779126666666,-1.2179936166666674,picking
52.77773084999999,-1.2179138250000008,picking
52.77767043333333,-1.2178340333333342,picking
52.77761001666666,-1.2177542416666673,picking
52.777549599999986,-1.2176744500000007,picking
52.77748918333332,-1.2175946583333341,picking
52.77742876666665,-1.2175148666666673,picking
52.77736834999999,-1.2174350750000007,picking
52.77730793333332,-1.217355283333334,picking
52.777247516666655,-1.2172754916666673,picking
52.777187099999985,-1.2171957000000007,picking
52.77711629999999,-1.2170753500000009,picking
52.77704549999999,-1.2169550000000011,picking
52.7770004875,-1.2168534125000008,picking
52.776955474999994,-1.2167518250000007,picking
52.7769104625,-1.2166502375000006,picking
52.77686545,-1.2165486500000002,picking
52.7768204375,-1.2164470625,picking
52.776775425000004,-1.2163454749999998,picking
52.7767304125,-1.2162438874999997,picking
52.776685400000005,-1.2161422999999993,picking
52.77664370000001,-1.2159567000000007,picking
52.776609560000004,-1.2158274400000004,picking
52.77657542,-1.2156981800000002,picking
52.776541280000004,-1.21556892,picking
52.77650714,-1.2154396599999997,picking
52.776472999999996,-1.2153103999999995,picking
52.77642802,-1.2152113199999999,picking
52.77638303999999,-1.21511224,picking
52.77633805999999,-1.2150131600000005,picking
52.77629307999999,-1.2149140800000007,picking
52.77624809999999,-1.214815000000001,picking
52.77619729999999,-1.2147152714285725,picking
52.77614649999999,-1.2146155428571437,picking
52.77609569999999,-1.214515814285715,picking
52.776044899999995,-1.2144160857142863,picking
52.7759941,-1.2143163571428577,picking
52.775943299999994,-1.2142166285714289,picking
52.7758925,-1.2141169000000003,picking
52.77584778,-1.2139940200000001,picking
52.775803059999994,-1.21387114,picking
52.775758339999996,-1.21374826,picking
52.77571361999999,-1.2136253799999999,picking
52.77566889999999,-1.2135024999999997,picking
52.775624099999995,-1.2133890124999998,picking
52.7755793,-1.213275525,picking
52.7755345,-1.2131620375,picking
52.775489699999994,-1.2130485500000003,picking
52.7754449,-1.2129350625000004,picking
52.7754001,-1.2128215750000004,picking
52.7753553,-1.2127080875000007,picking
52.7753105,-1.2125946000000007,picking
52.7752508,-1.2125171857142862,picking
52.7751911,-1.212439771428572,picking
52.7751314,-1.2123623571428574,picking
52.775071700000005,-1.2122849428571432,picking
52.775012000000004,-1.2122075285714287,picking
52.7749523,-1.2121301142857144,picking
52.7748926,-1.2120526999999999,picking
52.77483363333334,-1.2119674,picking
52.774774666666666,-1.2118821000000004,picking
52.7747157,-1.2117968000000006,picking
52.77465673333334,-1.2117115000000007,picking
52.774597766666666,-1.211626200000001,picking
52.7745388,-1.2115409000000013,picking
52.77449032,-1.2114291400000012,picking
52.77444184,-1.211317380000001,picking
52.77439336,-1.211205620000001,picking
52.77434488,-1.2110938600000007,picking
52.7742964,-1.2109821000000007,picking
52.77428966,-1.2108564200000005,picking
52.774282920000005,-1.2107307400000002,picking
52.77427618,-1.2106050599999998,picking
52.774269440000005,-1.2104793799999995,picking
52.77426270000001,-1.2103536999999993,picking
52.774300800000006,-1.2102342999999995,picking
52.774338900000004,-1.2101148999999998,picking
52.77437700000001,-1.2099955000000002,picking
52.774415100000006,-1.2098761000000005,picking
52.7744216,-1.2098313000000007,picking
52.77444610833333,-1.2097050916666672,picking
52.77447061666666,-1.2095788833333339,picking
52.774495124999994,-1.2094526750000003,picking
52.77451963333333,-1.209326466666667,picking
52.77454414166666,-1.2092002583333334,picking
52.77456864999999,-1.20907405,picking
52.774593158333325,-1.2089478416666666,picking
52.77461766666666,-1.208821633333333,picking
52.77464217499999,-1.2086954249999997,picking
52.77466668333332,-1.2085692166666662,picking
52.774691191666655,-1.2084430083333328,picking
52.77471569999999,-1.2083167999999993,picking
52.77473993333332,-1.2081802,picking
52.77476416666666,-1.2080436000000006,picking
52.77478839999999,-1.2079070000000012,picking
52.77483699999999,-1.2076860000000007,picking
52.77478173749999,-1.2076006500000007,picking
52.774726474999994,-1.2075153000000007,picking
52.77467121249999,-1.2074299500000008,picking
52.77461594999999,-1.2073446000000008,picking
52.77456068749999,-1.2072592500000006,picking
52.77450542499999,-1.2071739000000006,picking
52.77445016249999,-1.2070885500000006,picking
52.77439489999999,-1.2070032000000006,picking
52.77435669999999,-1.2068949571428578,picking
52.77431849999999,-1.206786714285715,picking
52.774280299999994,-1.206678471428572,picking
52.77424209999999,-1.2065702285714293,picking
52.77420389999999,-1.2064619857142864,picking
52.77416569999999,-1.2063537428571436,picking
52.77412749999999,-1.2062455000000005,picking
52.77408929999999,-1.2061372571428577,picking
52.774051099999994,-1.2060290142857149,picking
52.774012899999995,-1.205920771428572,picking
52.77397469999999,-1.2058125285714292,picking
52.77393649999999,-1.2057042857142863,picking
52.77389829999999,-1.2055960428571435,picking
52.77386009999999,-1.2054878000000007,picking
52.77380111666666,-1.2053884666666672,picking
52.77374213333333,-1.2052891333333338,picking
52.77368315,-1.2051898000000003,picking
52.773624166666664,-1.205090466666667,picking
52.77356518333333,-1.2049911333333336,picking
52.7735062,-1.2048918000000002,picking
52.77347366666667,-1.2047376333333337,picking
52.77344113333333,-1.204583466666667,picking
52.773408599999996,-1.2044293000000006,picking
52.77335852499999,-1.2043202750000006,picking
52.773308449999995,-1.2042112500000006,picking
52.773258375,-1.2041022250000006,picking
52.77320829999999,-1.2039932000000007,picking
52.77315208571428,-1.2039113428571435,picking
52.773095871428566,-1.2038294857142862,picking
52.77303965714285,-1.203747628571429,picking
52.77298344285714,-1.203665771428572,picking
52.772927228571426,-1.2035839142857148,picking
52.77287101428571,-1.2035020571428574,picking
52.7728148,-1.2034202000000003,picking
52.77274678888889,-1.2033547888888891,picking
52.77267877777778,-1.2032893777777782,picking
52.772610766666666,-1.203223966666667,picking
52.772542755555556,-1.2031585555555562,picking
52.772474744444445,-1.203093144444445,picking
52.772406733333334,-1.203027733333334,picking
52.77233872222222,-1.202962322222223,picking
52.77227071111111,-1.2028969111111119,picking
52.772202699999994,-1.2028315000000007,picking
52.77213468888888,-1.2027660888888898,picking
52.77206667777777,-1.2027006777777787,picking
52.77199866666666,-1.2026352666666678,picking
52.77193065555555,-1.2025698555555566,picking
52.77186264444444,-1.2025044444444455,picking
52.77179463333333,-1.2024390333333346,picking
52.77172662222222,-1.2023736222222234,picking
52.77165861111111,-1.2023082111111125,picking
52.771590599999996,-1.2022428000000014,picking
52.77151523636363,-1.2022438181818196,picking
52.77143987272727,-1.2022448363636375,picking
52.77136450909091,-1.2022458545454557,picking
52.771289145454546,-1.202246872727274,picking
52.77121378181818,-1.2022478909090921,picking
52.77113841818181,-1.20224890909091,picking
52.77106305454545,-1.2022499272727283,picking
52.77098769090909,-1.2022509454545465,picking
52.770912327272725,-1.2022519636363647,picking
52.77083696363636,-1.2022529818181826,picking
52.7707616,-1.2022540000000008,picking
52.770693599999994,-1.2023126500000005,picking
52.77062559999999,-1.2023713000000003,picking
52.77056515999999,-1.2024496000000002,picking
52.77050471999999,-1.2025279000000004,picking
52.77044427999999,-1.2026062000000004,picking
52.770383839999994,-1.2026845000000006,picking
52.770323399999995,-1.2027628000000006,picking
52.7702214,-1.2029306000000004,picking
52.7701744,-1.2030090000000015,picking
52.770098225,-1.203048250000001,picking
52.770022049999994,-1.2030875000000005,picking
52.76994587499999,-1.20312675,picking
52.76986969999999,-1.2031659999999995,picking
52.76977509999998,-1.2030504000000004,picking
52.7697124235294,-1.2029740588235298,picking
52.76964974705881,-1.2028977176470592,picking
52.76958707058822,-1.2028213764705888,picking
52.76952439411763,-1.2027450352941182,picking
52.76946171764705,-1.2026686941176477,picking
52.769399041176456,-1.202592352941177,picking
52.76933636470587,-1.2025160117647065,picking
52.76927368823528,-1.2024396705882359,picking
52.769211011764696,-1.2023633294117655,picking
52.769148335294105,-1.202286988235295,picking
52.76908565882352,-1.2022106470588243,picking
52.76902298235293,-1.2021343058823537,picking
52.768960305882345,-1.202057964705883,picking
52.768897629411754,-1.2019816235294125,picking
52.76883495294117,-1.2019052823529421,picking
52.76877227647058,-1.2018289411764715,picking
52.768709599999994,-1.201752600000001,picking
52.76864698571428,-1.2016829285714294,picking
52.76858437142857,-1.201613257142858,picking
52.76852175714285,-1.2015435857142864,picking
52.76845914285714,-1.2014739142857147,picking
52.76839652857142,-1.2014042428571432,picking
52.76833391428571,-1.2013345714285717,picking
52.768271299999995,-1.2012649000000002,picking
52.76820755999999,-1.2011993800000003,picking
52.76814381999999,-1.2011338600000003,picking
52.76808008,-1.2010683400000002,picking
52.768016339999996,-1.2010028200000002,picking
52.767952599999994,-1.2009373000000003,picking
52.767885914999994,-1.2008751950000003,picking
52.76781922999999,-1.2008130900000002,picking
52.76775254499999,-1.2007509850000002,picking
52.76768585999999,-1.2006888800000002,picking
52.76761917499999,-1.2006267750000004,picking
52.76755248999999,-1.2005646700000003,picking
52.76748580499999,-1.2005025650000003,picking
52.76741911999999,-1.2004404600000003,picking
52.76735243499999,-1.2003783550000002,picking
52.76728574999999,-1.2003162500000002,picking
52.76721906499999,-1.2002541450000002,picking
52.76715237999999,-1.2001920400000001,picking
52.76708569499999,-1.200129935,picking
52.76701900999999,-1.20006783,picking
52.76695232499999,-1.200005725,picking
52.76688563999999,-1.1999436200000002,picking
52.76681895499999,-1.1998815150000002,picking
52.76675226999999,-1.1998194100000001,picking
52.76668558499999,-1.199757305,picking
52.76661889999999,-1.1996952,picking
52.76655260666666,-1.199635206666667,picking
52.766486313333324,-1.1995752133333335,picking
52.76642001999999,-1.1995152200000003,picking
52.76635372666666,-1.199455226666667,picking
52.766287433333325,-1.1993952333333338,picking
52.76622113999999,-1.1993352400000006,picking
52.76615484666666,-1.1992752466666672,picking
52.766088553333326,-1.199215253333334,picking
52.76602225999999,-1.1991552600000006,picking
52.76595596666666,-1.1990952666666674,picking
52.76588967333333,-1.1990352733333343,picking
52.76582337999999,-1.1989752800000009,picking
52.76575708666666,-1.1989152866666677,picking
52.76569079333333,-1.1988552933333343,picking
52.765624499999994,-1.1987953000000011,delivering
52.76555745333333,-1.1987353666666678,delivering
52.765490406666665,-1.1986754333333345,delivering
52.76542335999999,-1.1986155000000012,delivering
52.76535631333333,-1.1985555666666678,delivering
52.76528926666666,-1.1984956333333345,delivering
52.76522222,-1.1984357000000012,delivering
52.76515517333333,-1.198375766666668,delivering
52.76508812666666,-1.1983158333333344,delivering
52.76502108,-1.198255900000001,delivering
52.76495403333333,-1.1981959666666677,delivering
52.76488698666667,-1.1981360333333344,delivering
52.76481994,-1.198076100000001,delivering
52.76475289333333,-1.1980161666666678,delivering
52.764685846666666,-1.1979562333333345,delivering
52.7646188,-1.1978963000000011,delivering
52.7645468375,-1.197844912500001,delivering
52.764474875,-1.197793525000001,delivering
52.7644029125,-1.1977421375000008,delivering
52.76433095,-1.197690750000001,delivering
52.7642589875,-1.1976393625000008,delivering
52.764187025,-1.1975879750000007,delivering
52.7641150625,-1.1975365875000006,delivering
52.764043099999995,-1.1974852000000005,delivering
52.7639711375,-1.1974338125000004,delivering
52.763899175,-1.1973824250000003,delivering
52.7638272125,-1.1973310375000001,delivering
52.763755249999996,-1.19727965,delivering
52.763683287499994,-1.1972282625000001,delivering
52.763611325,-1.197176875,delivering
52.7635393625,-1.1971254875,delivering
52.763467399999996,-1.1970740999999998,delivering
52.763385375,-1.1970247749999998,delivering
52.763303349999994,-1.19697545,delivering
52.76322132499999,-1.196926125,delivering
52.76313929999999,-1.1968768,delivering
52.7630026,-1.1969091000000005,delivering
52.7629565,-1.1969975333333338,delivering
52.762910399999996,-1.1970859666666671,delivering
52.7628643,-1.1971744000000004,delivering
52.7628333,-1.1973921000000012,delivering
52.762884766666666,-1.1972838333333338,delivering
52.76293623333333,-1.1971755666666661,delivering
52.7629877,-1.1970672999999987,picking
52.7630026,-1.1969091000000005,picking
52.7629565,-1.1969975333333338,picking
52.762910399999996,-1.1970859666666671,picking
52.7628643,-1.1971744000000004,picking
52.7628333,-1.1973921000000012,picking
52.76279945833333,-1.1975039250000012,picking
52.76276561666666,-1.197615750000001,picking
52.762731775,-1.1977275750000012,picking
52.76269793333333,-1.197839400000001,picking
52.762664091666664,-1.197951225000001,picking
52.76263025,-1.198063050000001,picking
52.76259640833333,-1.198174875000001,picking
52.762562566666666,-1.1982867000000008,picking
52.762528724999996,-1.1983985250000009,picking
52.76249488333333,-1.1985103500000007,picking
52.76246104166666,-1.1986221750000008,picking
52.7624272,-1.1987340000000009,picking
52.762393358333334,-1.1988458250000007,picking
52.76235951666666,-1.1989576500000008,picking
52.762325675,-1.1990694750000006,picking
52.76229183333333,-1.1991813000000007,picking
52.762257991666665,-1.1992931250000005,picking
52.762224149999994,-1.1994049500000006,picking
52.76219030833333,-1.1995167750000004,picking
52.76215646666667,-1.1996286000000005,picking
52.762122624999996,-1.1997404250000003,picking
52.76208878333333,-1.1998522500000004,picking
52.76205494166666,-1.1999640750000002,picking
52.7620211,-1.2000759000000003,picking
52.76198473636364,-1.2001944727272729,picking
52.76194837272727,-1.2003130454545454,picking
52.761912009090906,-1.200431618181818,picking
52.761875645454545,-1.2005501909090905,picking
52.76183928181818,-1.200668763636363,picking
52.761802918181814,-1.2007873363636357,picking
52.76176655454545,-1.2009059090909082,picking
52.76173019090909,-1.2010244818181808,picking
52.76169382727273,-1.2011430545454533,picking
52.76165746363636,-1.201261627272726,picking
52.7616211,-1.2013801999999985,picking
52.76158645882353,-1.2014926999999986,picking
52.76155181764706,-1.2016051999999986,picking
52.76151717647059,-1.2017176999999988,picking
52.76148253529412,-1.201830199999999,picking
52.761447894117644,-1.201942699999999,picking
52.761413252941175,-1.202055199999999,picking
52.761378611764705,-1.2021676999999993,picking
52.761343970588236,-1.2022801999999992,picking
52.761309329411766,-1.2023926999999994,picking
52.7612746882353,-1.2025051999999994,picking
52.76124004705883,-1.2026176999999996,picking
52.76120540588236,-1.2027301999999997,picking
52.76117076470588,-1.2028426999999997,picking
52.76113612352941,-1.2029552,picking
52.76110148235294,-1.2030677,picking
52.76106684117647,-1.2031802,picking
52.7610322,-1.2032927000000002,picking
52.7609949375,-1.2034171375000002,picking
52.760957675,-1.2035415750000003,picking
52.7609204125,-1.2036660125000003,picking
52.76088315,-1.20379045,picking
52.76084588749999,-1.2039148875,picking
52.76080862499999,-1.204039325,picking
52.76077136249999,-1.2041637625000001,picking
52.760734099999986,-1.2042882000000001,picking
52.76068619999999,-1.2043930363636366,picking
52.76063829999999,-1.204497872727273,picking
52.76059039999999,-1.2046027090909093,picking
52.76054249999999,-1.2047075454545457,picking
52.760494599999994,-1.2048123818181822,picking
52.760446699999996,-1.2049172181818186,picking
52.7603988,-1.205022054545455,picking
52.7603509,-1.2051268909090915,picking
52.760303,-1.2052317272727278,picking
52.7602551,-1.2053365636363642,picking
52.7602072,-1.2054414000000007,picking
52.76011305,-1.2055254000000004,picking
52.7600189,-1.2056094000000002,picking
52.7599285,-1.20569805,picking
52.7598381,-1.2057867000000002,picking
52.75977238,-1.2058503600000003,picking
52.759706660000006,-1.2059140200000003,picking
52.759640940000004,-1.2059776800000004,picking
52.75957522000001,-1.2060413400000003,picking
52.75950950000001,-1.2061050000000004,picking
52.759428125,-1.2061507500000006,picking
52.75934675,-1.2061965000000008,picking
52.759265375,-1.2062422500000007,picking
52.75918399999999,-1.206288000000001,picking
52.759139600000005,-1.2062735000000004,picking
52.759050650000006,-1.2063653000000003,picking
52.75896170000001,-1.2064571000000002,picking
52.758951200000006,-1.2065167999999997,picking
52.75898986666667,-1.2066269000000003,picking
52.75902853333332,-1.2067370000000008,picking
52.75906719999998,-1.2068471000000014,picking
52.75912360000001,-1.2068642999999994,picking
52.75919388333334,-1.2069392666666663,picking
52.75926416666667,-1.2070142333333331,picking
52.75933445,-1.2070892,picking
52.759404733333334,-1.2071641666666666,picking
52.75947501666666,-1.2072391333333334,picking
52.75954529999999,-1.2073141000000003,picking
52.759598159999996,-1.2074130000000003,picking
52.75965101999999,-1.2075119000000005,picking
52.759703879999996,-1.2076108000000005,picking
52.75975673999999,-1.2077097000000008,picking
52.7598096,-1.2078086000000008,picking
52.75985643714285,-1.207909337142858,picking
52.75990327428571,-1.208010074285715,picking
52.759950111428566,-1.2081108114285721,picking
52.75999694857143,-1.2082115485714293,picking
52.76004378571428,-1.2083122857142865,picking
52.76009062285714,-1.2084130228571435,picking
52.760137459999996,-1.2085137600000007,picking
52.76018429714286,-1.2086144971428578,picking
52.76023113428571,-1.2087152342857148,picking
52.76027797142857,-1.208815971428572,picking
52.760324808571426,-1.2089167085714292,picking
52.76037164571428,-1.2090174457142864,picking
52.76041848285714,-1.2091181828571433,picking
52.760465319999994,-1.2092189200000005,picking
52.760512157142855,-1.2093196571428577,picking
52.76055899428571,-1.2094203942857147,picking
52.76060583142857,-1.2095211314285719,picking
52.760652668571424,-1.209621868571429,picking
52.760699505714285,-1.2097226057142862,picking
52.76074634285714,-1.2098233428571432,picking
52.76079318,-1.2099240800000004,picking
52.760840017142854,-1.2100248171428576,picking
52.760886854285715,-1.2101255542857146,picking
52.76093369142857,-1.2102262914285717,picking
52.76098052857142,-1.210327028571429,picking
52.761027365714284,-1.2104277657142861,picking
52.76107420285714,-1.210528502857143,picking
52.76112104,-1.2106292400000003,picking
52.76116787714285,-1.2107299771428575,picking
52.761214714285714,-1.2108307142857144,picking
52.76126155142857,-1.2109314514285716,picking
52.76130838857143,-1.2110321885714288,picking
52.76135522571428,-1.211132925714286,picking
52.761402062857144,-1.211233662857143,picking
52.7614489,-1.2113344000000001,picking
52.7614752,-1.2114521,picking
52.761501499999994,-1.2115698,picking
52.761527799999996,-1.2116874999999998,picking
52.7615541,-1.2118051999999997,picking
52.76154640000001,-1.2118771000000008,picking
52.761587000000006,-1.2119938000000006,picking
52.7616276,-1.2121105,picking
52.7616851,-1.2121402000000001,picking
52.76174584,-1.2122136600000004,picking
52.76180658,-1.2122871200000005,picking
52.76186732,-1.2123605800000008,picking
52.761928059999995,-1.2124340400000009,picking
52.7619888,-1.2125075000000012,picking
52.762031173333334,-1.212612626666668,picking
52.76207354666666,-1.2127177533333344,picking
52.76211592,-1.2128228800000012,picking
52.76215829333333,-1.2129280066666677,picking
52.762200666666665,-1.2130331333333344,picking
52.76224304,-1.2131382600000011,picking
52.76228541333333,-1.2132433866666676,picking
52.76232778666667,-1.2133485133333344,picking
52.762370159999996,-1.2134536400000009,picking
52.76241253333333,-1.2135587666666676,picking
52.76245490666667,-1.2136638933333344,picking
52.76249728,-1.2137690200000009,picking
52.762539653333334,-1.2138741466666676,picking
52.762582026666664,-1.213979273333334,picking
52.7626244,-1.2140844000000008,picking
52.762666773333336,-1.2141895266666676,picking
52.762709146666666,-1.214294653333334,picking
52.76275152,-1.2143997800000008,picking
52.76279389333333,-1.2145049066666673,picking
52.76283626666667,-1.214610033333334,picking
52.762878640000004,-1.2147151600000008,picking
52.76292101333333,-1.2148202866666673,picking
52.76296338666667,-1.214925413333334,picking
52.76300576,-1.2150305400000005,picking
52.763048133333335,-1.2151356666666673,picking
52.76309050666667,-1.215240793333334,picking
52.76313288,-1.2153459200000005,picking
52.76317525333334,-1.2154510466666673,picking
52.763217626666666,-1.2155561733333338,picking
52.76326,-1.2156613000000005,picking
52.763312866666666,-1.2157973666666673,picking
52.76336573333334,-1.2159334333333338,picking
52.7634186,-1.2160695000000006,picking
52.763455457894736,-1.2161776947368426,picking
52.76349231578948,-1.2162858894736848,picking
52.76352917368421,-1.2163940842105267,picking
52.76356603157895,-1.216502278947369,picking
52.76360288947369,-1.216610473684211,picking
52.76363974736842,-1.2167186684210531,picking
52.76367660526316,-1.2168268631578951,picking
52.7637134631579,-1.216935057894737,picking
52.76375032105263,-1.2170432526315793,picking
52.76378717894737,-1.2171514473684213,picking
52.7638240368421,-1.2172596421052635,picking
52.763860894736844,-1.2173678368421055,picking
52.76389775263158,-1.2174760315789475,picking
52.76393461052631,-1.2175842263157897,picking
52.763971468421055,-1.2176924210526316,picking
52.76400832631579,-1.2178006157894739,picking
52.764045184210524,-1.2179088105263158,picking
52.764082042105265,-1.218017005263158,picking
52.7641189,-1.2181252,picking
52.764137799999986,-1.2182896000000007,picking
52.764124074999984,-1.2184166750000003,picking
52.76411034999999,-1.21854375,picking
52.76409662499999,-1.2186708249999998,picking
52.76408289999999,-1.2187978999999993,picking
52.76404740999999,-1.2189076299999995,picking
52.764011919999994,-1.2190173599999998,picking
52.76397642999999,-1.21912709,picking
52.76394093999999,-1.2192368200000003,picking
52.763905449999996,-1.2193465500000005,picking
52.763869959999994,-1.2194562800000006,picking
52.76383446999999,-1.219566010000001,picking
52.76379897999999,-1.2196757400000011,picking
52.763763489999995,-1.2197854700000015,picking
52.76372799999999,-1.2198952000000016,picking
52.76369241428571,-1.220004614285716,picking
52.76365682857142,-1.22011402857143,picking
52.763621242857134,-1.2202234428571443,picking
52.76358565714285,-1.2203328571428587,picking
52.76355007142856,-1.2204422714285728,picking
52.763514485714275,-1.220551685714287,picking
52.763478899999996,-1.2206611000000014,picking
52.76344331428571,-1.2207705142857155,picking
52.76340772857142,-1.2208799285714298,picking
52.763372142857136,-1.2209893428571439,picking
52.76333655714285,-1.2210987571428582,picking
52.76330097142856,-1.2212081714285725,picking
52.76326538571428,-1.2213175857142866,picking
52.76322979999999,-1.221427000000001,picking
52.76320859999999,-1.2214881000000004,picking
52.76316836666666,-1.2216074333333335,picking
52.76312813333334,-1.221726766666667,picking
52.76308790000001,-1.2218461,picking
52.76305074000001,-1.22196047,picking
52.763013580000006,-1.2220748399999999,picking
52.76297642000001,-1.2221892099999998,picking
52.76293926000001,-1.2223035799999997,picking
52.762902100000005,-1.2224179499999996,picking
52.76286494000001,-1.2225323199999996,picking
52.76282778000001,-1.2226466899999995,picking
52.76279062000001,-1.2227610599999994,picking
52.762753460000006,-1.2228754299999993,picking
52.76271630000001,-1.2229897999999992,picking
52.762656799999995,-1.223180299999999,picking
52.762590364,-1.223122103999999,picking
52.76252392799999,-1.2230639079999992,picking
52.762457491999996,-1.2230057119999993,picking
52.76239105599999,-1.2229475159999994,picking
52.762324619999994,-1.2228893199999995,picking
52.76225818399999,-1.2228311239999996,picking
52.76219174799999,-1.2227729279999995,picking
52.76212531199999,-1.2227147319999996,picking
52.76205887599999,-1.2226565359999997,picking
52.761992439999986,-1.2225983399999998,picking
52.76192600399999,-1.2225401439999999,picking
52.761859567999984,-1.222481948,picking
52.76179313199999,-1.222423752,picking
52.76172669599998,-1.2223655560000002,picking
52.761660259999985,-1.2223073600000003,picking
52.76159382399998,-1.2222491640000004,picking
52.76152738799998,-1.2221909680000005,picking
52.76146095199998,-1.2221327720000006,picking
52.76139451599998,-1.2220745760000005,picking
52.76132807999998,-1.2220163800000006,picking
52.76126164399998,-1.2219581840000007,picking
52.761195207999975,-1.2218999880000008,picking
52.76112877199998,-1.2218417920000009,picking
52.76106233599997,-1.221783596000001,picking
52.760995899999976,-1.221725400000001,picking
52.760962866666645,-1.2218360466666678,picking
52.760929833333314,-1.2219466933333343,picking
52.760896799999976,-1.222057340000001,picking
52.760863766666645,-1.2221679866666675,picking
52.760830733333314,-1.2222786333333342,picking
52.76079769999998,-1.2223892800000007,picking
52.76076466666665,-1.2224999266666674,picking
52.760731633333315,-1.222610573333334,picking
52.760698599999984,-1.2227212200000006,picking
52.76066556666665,-1.222831866666667,picking
52.76063253333332,-1.2229425133333338,picking
52.76059949999999,-1.2230531600000003,picking
52.76056646666665,-1.223163806666667,picking
52.76053343333332,-1.2232744533333335,picking
52.76050039999999,-1.2233851000000002,picking
52.760573599999994,-1.2234426428571432,picking
52.76064679999999,-1.223500185714286,picking
52.76071999999999,-1.223557728571429,picking
52.760793199999995,-1.223615271428572,picking
52.7608664,-1.223672814285715,picking
52.76093959999999,-1.2237303571428577,picking
52.761012799999996,-1.2237879000000007,picking
52.7610526,-1.2236710857142863,picking
52.761092399999995,-1.223554271428572,picking
52.7611322,-1.2234374571428577,picking
52.761172,-1.2233206428571433,picking
52.761211800000005,-1.2232038285714288,picking
52.7612516,-1.2230870142857146,picking
52.761291400000005,-1.2229702000000002,picking
52.7613421,-1.223018,delivering
52.761291400000005,-1.2229702000000002,delivering
52.7612516,-1.2230870142857146,delivering
52.761211800000005,-1.2232038285714288,delivering
52.761172,-1.2233206428571433,delivering
52.7611322,-1.2234374571428577,delivering
52.761092399999995,-1.223554271428572,delivering
52.7610526,-1.2236710857142863,delivering
52.761012799999996,-1.2237879000000007,delivering
52.76093959999999,-1.2237303571428577,delivering
52.7608664,-1.223672814285715,delivering
52.760793199999995,-1.223615271428572,delivering
52.76071999999999,-1.223557728571429,delivering
52.76064679999999,-1.223500185714286,delivering
52.760573599999994,-1.2234426428571432,delivering
52.76050039999999,-1.2233851000000002,delivering
52.76053343333332,-1.2232744533333335,delivering
52.76056646666665,-1.223163806666667,delivering
52.76059949999999,-1.2230531600000003,delivering
52.76063253333332,-1.2229425133333338,delivering
52.76066556666665,-1.222831866666667,delivering
52.760698599999984,-1.2227212200000006,delivering
52.760731633333315,-1.222610573333334,delivering
52.76076466666665,-1.2224999266666674,delivering
52.76079769999998,-1.2223892800000007,delivering
52.760830733333314,-1.2222786333333342,delivering
52.760863766666645,-1.2221679866666675,delivering
52.760896799999976,-1.222057340000001,delivering
52.760929833333314,-1.2219466933333343,delivering
52.760962866666645,-1.2218360466666678,delivering
52.760995899999976,-1.221725400000001,delivering
52.76106233599997,-1.221783596000001,delivering
52.76112877199998,-1.2218417920000009,delivering
52.761195207999975,-1.2218999880000008,delivering
52.76126164399998,-1.2219581840000007,delivering
52.76132807999998,-1.2220163800000006,delivering
52.76139451599998,-1.2220745760000005,delivering
52.76146095199998,-1.2221327720000006,delivering
52.76152738799998,-1.2221909680000005,delivering
52.76159382399998,-1.2222491640000004,delivering
52.761660259999985,-1.2223073600000003,delivering
52.76172669599998,-1.2223655560000002,delivering
52.76179313199999,-1.222423752,delivering
52.761859567999984,-1.222481948,delivering
52.76192600399999,-1.2225401439999999,delivering
52.761992439999986,-1.2225983399999998,delivering
52.76205887599999,-1.2226565359999997,delivering
52.76212531199999,-1.2227147319999996,delivering
52.76219174799999,-1.2227729279999995,delivering
52.76225818399999,-1.2228311239999996,delivering
52.762324619999994,-1.2228893199999995,delivering
52.76239105599999,-1.2229475159999994,delivering
52.762457491999996,-1.2230057119999993,delivering
52.76252392799999,-1.2230639079999992,delivering
52.762590364,-1.223122103999999,delivering
52.762656799999995,-1.223180299999999,delivering
52.76271630000001,-1.2229897999999992,delivering
52.762753460000006,-1.2228754299999993,delivering
52.76279062000001,-1.2227610599999994,delivering
52.76282778000001,-1.2226466899999995,delivering
52.76286494000001,-1.2225323199999996,delivering
52.762902100000005,-1.2224179499999996,delivering
52.76293926000001,-1.2223035799999997,delivering
52.76297642000001,-1.2221892099999998,delivering
52.763013580000006,-1.2220748399999999,delivering
52.76305074000001,-1.22196047,delivering
52.76308790000001,-1.2218461,delivering
52.76312813333334,-1.221726766666667,delivering
52.76316836666666,-1.2216074333333335,delivering
52.76320859999999,-1.2214881000000004,delivering
52.76322979999999,-1.221427000000001,delivering
52.76326538571428,-1.2213175857142866,delivering
52.76330097142856,-1.2212081714285725,delivering
52.76333655714285,-1.2210987571428582,delivering
52.763372142857136,-1.2209893428571439,delivering
52.76340772857142,-1.2208799285714298,delivering
52.76344331428571,-1.2207705142857155,delivering
52.763478899999996,-1.2206611000000014,delivering
52.763514485714275,-1.220551685714287,delivering
52.76355007142856,-1.2204422714285728,delivering
52.76358565714285,-1.2203328571428587,delivering
52.763621242857134,-1.2202234428571443,delivering
52.76365682857142,-1.22011402857143,delivering
52.76369241428571,-1.220004614285716,delivering
52.76372799999999,-1.2198952000000016,delivering
52.763763489999995,-1.2197854700000015,delivering
52.76379897999999,-1.2196757400000011,delivering
52.76383446999999,-1.219566010000001,delivering
52.763869959999994,-1.2194562800000006,delivering
52.763905449999996,-1.2193465500000005,delivering
52.76394093999999,-1.2192368200000003,delivering
52.76397642999999,-1.21912709,delivering
52.764011919999994,-1.2190173599999998,delivering
52.76404740999999,-1.2189076299999995,delivering
52.76408289999999,-1.2187978999999993,delivering
52.76414382499999,-1.2187077999999996,delivering
52.76420475,-1.2186176999999998,delivering
52.764265675000004,-1.2185275999999998,delivering
52.764326600000004,-1.2184375,delivering
52.764345399999996,-1.2184293000000015,delivering
52.764402249999996,-1.2183320000000006,delivering
52.764459099999996,-1.2182346999999998,delivering
52.76443095,-1.2180846499999998,delivering
52.7644028,-1.2179345999999998,delivering
52.764435605555555,-1.2178188888888888,delivering
52.76446841111111,-1.2177031777777776,delivering
52.764501216666666,-1.2175874666666666,delivering
52.76453402222222,-1.2174717555555554,delivering
52.76456682777778,-1.2173560444444445,delivering
52.76459963333333,-1.2172403333333335,delivering
52.76463243888889,-1.2171246222222223,delivering
52.764665244444444,-1.2170089111111113,delivering
52.76469805000001,-1.2168932000000003,delivering
52.76473085555556,-1.2167774888888891,delivering
52.76476366111112,-1.2166617777777782,delivering
52.764796466666674,-1.216546066666667,delivering
52.76482927222223,-1.216430355555556,delivering
52.764862077777785,-1.216314644444445,delivering
52.76489488333334,-1.2161989333333338,delivering
52.764927688888896,-1.2160832222222229,delivering
52.76496049444445,-1.2159675111111117,delivering
52.76499330000001,-1.2158518000000007,delivering
52.76503132857143,-1.2157331285714292,delivering
52.76506935714286,-1.215614457142858,delivering
52.76510738571429,-1.2154957857142865,delivering
52.76514541428572,-1.215377114285715,delivering
52.76518344285714,-1.2152584428571436,delivering
52.765221471428575,-1.2151397714285723,delivering
52.7652595,-1.2150211000000009,delivering
52.76529263333333,-1.214900033333334,delivering
52.76532576666666,-1.2147789666666673,delivering
52.765358899999995,-1.2146579000000006,delivering
52.76539203333333,-1.2145368333333337,delivering
52.76542516666666,-1.2144157666666668,delivering
52.76545829999999,-1.2142947000000002,delivering
52.76548146666666,-1.2141642833333337,delivering
52.76550463333333,-1.2140338666666672,delivering
52.7655278,-1.213903450000001,delivering
52.765550966666666,-1.2137730333333345,delivering
52.76557413333333,-1.213642616666668,delivering
52.7655973,-1.2135122000000016,delivering
52.765638305,-1.2134018550000016,delivering
52.76567931,-1.2132915100000015,delivering
52.765720315,-1.2131811650000013,delivering
52.76576132,-1.2130708200000013,delivering
52.765802325,-1.2129604750000014,delivering
52.76584333,-1.2128501300000012,delivering
52.765884335,-1.212739785000001,delivering
52.76592534,-1.212629440000001,delivering
52.765966345,-1.212519095000001,delivering
52.766007349999995,-1.212408750000001,delivering
52.766048354999995,-1.2122984050000007,delivering
52.766089359999995,-1.2121880600000008,delivering
52.766130364999995,-1.2120777150000008,delivering
52.766171369999995,-1.2119673700000007,delivering
52.766212374999995,-1.2118570250000005,delivering
52.766253379999995,-1.2117466800000005,delivering
52.766294384999995,-1.2116363350000006,delivering
52.766335389999995,-1.2115259900000004,delivering
52.766376394999995,-1.2114156450000002,delivering
52.766417399999995,-1.2113053000000003,delivering
52.76646277647058,-1.2111987823529415,delivering
52.76650815294117,-1.2110922647058826,delivering
52.76655352941176,-1.210985747058824,delivering
52.76659890588235,-1.210879229411765,delivering
52.766644282352935,-1.2107727117647062,delivering
52.76668965882352,-1.2106661941176475,delivering
52.76673503529411,-1.2105596764705886,delivering
52.7667804117647,-1.2104531588235299,delivering
52.766825788235295,-1.210346641176471,delivering
52.76687116470588,-1.2102401235294122,delivering
52.76691654117647,-1.2101336058823533,delivering
52.76696191764706,-1.2100270882352946,delivering
52.76700729411765,-1.2099205705882359,delivering
52.767052670588235,-1.209814052941177,delivering
52.76709804705882,-1.2097075352941182,delivering
52.76714342352941,-1.2096010176470593,delivering
52.7671888,-1.2094945000000006,delivering
52.7672697,-1.2093825500000004,delivering
52.76735059999999,-1.2092706,delivering
52.76741969999999,-1.2092072,delivering
52.767488799999995,-1.2091438,delivering
52.76755789999999,-1.2090804000000004,delivering
52.767627,-1.2090170000000005,delivering
52.767696099999995,-1.2089536000000005,delivering
52.7677652,-1.2088902000000006,delivering
52.7678343,-1.2088268000000006,delivering
52.767903399999994,-1.2087634000000007,delivering
52.7679725,-1.2087000000000008,delivering
52.7680416,-1.208636600000001,delivering
52.7681107,-1.2085732000000011,delivering
52.7681798,-1.2085098000000012,delivering
52.768242349999994,-1.2084389166666678,delivering
52.7683049,-1.2083680333333346,delivering
52.76836745,-1.2082971500000013,delivering
52.768429999999995,-1.2082262666666679,delivering
52.76849254999999,-1.2081553833333347,delivering
52.76855509999999,-1.2080845000000013,delivering
52.76859307222222,-1.20798048888889,delivering
52.76863104444444,-1.207876477777779,delivering
52.768669016666664,-1.2077724666666678,delivering
52.76870698888888,-1.2076684555555568,delivering
52.7687449611111,-1.2075644444444456,delivering
52.76878293333333,-1.2074604333333343,delivering
52.76882090555555,-1.2073564222222233,delivering
52.768858877777774,-1.207252411111112,delivering
52.76889684999999,-1.2071484000000008,delivering
52.768934822222214,-1.2070443888888898,delivering
52.76897279444444,-1.2069403777777785,delivering
52.76901076666666,-1.2068363666666675,delivering
52.769048738888884,-1.2067323555555562,delivering
52.76908671111111,-1.206628344444445,delivering
52.76912468333333,-1.206524333333334,delivering
52.76916265555555,-1.2064203222222227,delivering
52.76920062777777,-1.2063163111111117,delivering
52.769238599999994,-1.2062123000000005,delivering
52.769264899999996,-1.2061586000000004,delivering
52.7693253,-1.2060840480000004,delivering
52.769385699999994,-1.2060094960000003,delivering
52.769446099999996,-1.2059349440000005,delivering
52.7695065,-1.2058603920000004,delivering
52.769566899999994,-1.2057858400000003,delivering
52.769627299999996,-1.2057112880000003,delivering
52.76968769999999,-1.2056367360000004,delivering
52.769748099999994,-1.2055621840000004,delivering
52.769808499999996,-1.2054876320000003,delivering
52.76986889999999,-1.2054130800000002,delivering
52.769929299999994,-1.2053385280000004,delivering
52.769989699999996,-1.2052639760000003,delivering
52.77005009999999,-1.2051894240000003,delivering
52.770110499999994,-1.2051148720000002,delivering
52.7701709,-1.2050403200000004,delivering
52.77023129999999,-1.2049657680000003,delivering
52.770291699999994,-1.2048912160000003,delivering
52.7703521,-1.2048166640000002,delivering
52.77041249999999,-1.2047421120000004,delivering
52.770472899999994,-1.2046675600000003,delivering
52.77053329999999,-1.2045930080000002,delivering
52.77059369999999,-1.2045184560000002,delivering
52.770654099999994,-1.2044439040000003,delivering
52.77071449999999,-1.2043693520000003,delivering
52.77077489999999,-1.2042948000000002,delivering
52.77070922499999,-1.2042124375,delivering
52.770643549999996,-1.2041300750000001,delivering
52.770577874999994,-1.2040477125,delivering
52.7705122,-1.2039653499999998,delivering
52.770446525,-1.2038829874999997,delivering
52.770380849999995,-1.2038006249999995,delivering
52.770315175,-1.2037182624999996,delivering
52.7702495,-1.2036358999999994,delivering
52.770173766666666,-1.203541433333333,delivering
52.77009803333333,-1.2034469666666663,delivering
52.7700223,-1.2033524999999998,delivering
52.76994599999999,-1.2032592499999997,delivering
52.76986969999999,-1.2031659999999995,delivering
52.76977509999998,-1.2030504000000004,delivering
52.7697124235294,-1.2029740588235298,delivering
52.76964974705881,-1.2028977176470592,delivering
52.76958707058822,-1.2028213764705888,delivering
52.76952439411763,-1.2027450352941182,delivering
52.76946171764705,-1.2026686941176477,delivering
52.769399041176456,-1.202592352941177,delivering
52.76933636470587,-1.2025160117647065,delivering
52.76927368823528,-1.2024396705882359,delivering
52.769211011764696,-1.2023633294117655,delivering
52.769148335294105,-1.202286988235295,delivering
52.76908565882352,-1.2022106470588243,delivering
52.76902298235293,-1.2021343058823537,delivering
52.768960305882345,-1.202057964705883,delivering
52.768897629411754,-1.2019816235294125,delivering
52.76883495294117,-1.2019052823529421,delivering
52.76877227647058,-1.2018289411764715,delivering
52.768709599999994,-1.201752600000001,delivering
52.76864698571428,-1.2016829285714294,delivering
52.76858437142857,-1.201613257142858,delivering
52.76852175714285,-1.2015435857142864,delivering
52.76845914285714,-1.2014739142857147,delivering
52.76839652857142,-1.2014042428571432,delivering
52.76833391428571,-1.2013345714285717,delivering
52.768271299999995,-1.2012649000000002,delivering
52.76820755999999,-1.2011993800000003,delivering
52.76814381999999,-1.2011338600000003,delivering
52.76808008,-1.2010683400000002,delivering
52.768016339999996,-1.2010028200000002,delivering
52.767952599999994,-1.2009373000000003,delivering
52.76799835999999,-1.2008118000000005,delivering
52.76804412,-1.2006863000000008,delivering
52.76808988,-1.2005608000000012,delivering
52.768135640000004,-1.2004353000000014,delivering
52.7681814,-1.2003098000000016,delivering
52.768228750000006,-1.2002037000000012,delivering
52.7682761,-1.200097600000001,delivering
52.76832345,-1.1999915000000008,delivering
52.7683708,-1.1998854000000003,delivering
52.768351175,-1.1997388500000004,delivering
52.76833155,-1.1995923000000004,delivering
52.768311925,-1.1994457500000006,delivering
52.7682923,-1.1992992000000007,delivering
52.76830069166667,-1.199175508333334,delivering
52.768309083333335,-1.1990518166666673,delivering
52.768317475,-1.1989281250000006,delivering
52.76832586666667,-1.1988044333333339,delivering
52.76833425833334,-1.1986807416666672,delivering
52.76834265000001,-1.1985570500000002,delivering
52.76835104166667,-1.1984333583333335,delivering
52.76835943333334,-1.1983096666666668,delivering
52.768367825000006,-1.1981859750000001,delivering
52.768376216666674,-1.1980622833333334,delivering
52.76838460833334,-1.1979385916666667,delivering
52.76839300000001,-1.1978149,delivering
52.76847376250001,-1.1978173625,delivering
52.768554525000006,-1.197819825,delivering
52.768635287500004,-1.1978222875,delivering
52.768716049999995,-1.19782475,delivering
52.76879681249999,-1.1978272125,delivering
52.76887757499999,-1.197829675,delivering
52.76895833749999,-1.1978321375,delivering
52.769039099999986,-1.1978346,delivering
52.76904,-1.1975894,picking
52.769039099999986,-1.1978346,picking
52.76911553076922,-1.1978434923076922,picking
52.769191961538446,-1.1978523846153846,picking
52.76926839230768,-1.1978612769230768,picking
52.76934482307691,-1.197870169230769,picking
52.76942125384614,-1.1978790615384614,picking
52.769497684615374,-1.1978879538461535,picking
52.76957411538461,-1.1978968461538457,picking
52.76965054615384,-1.197905738461538,picking
52.76972697692307,-1.1979146307692303,picking
52.7698034076923,-1.1979235230769225,picking
52.769879838461534,-1.1979324153846147,picking
52.76995626923076,-1.1979413076923071,picking
52.770032699999994,-1.1979501999999993,picking
52.770115149999995,-1.1978898499999997,picking
52.770197599999996,-1.1978295000000003,picking
52.77021706923077,-1.1979527692307697,picking
52.77023653846153,-1.198076038461539,picking
52.7702560076923,-1.198199307692308,picking
52.770275476923075,-1.1983225769230774,picking
52.77029494615384,-1.1984458461538467,picking
52.77031441538461,-1.198569115384616,picking
52.77033388461538,-1.1986923846153852,picking
52.770353353846154,-1.1988156538461545,picking
52.77037282307692,-1.1989389230769238,picking
52.77039229230769,-1.1990621923076932,picking
52.77041176153846,-1.1991854615384623,picking
52.770431230769226,-1.1993087307692316,picking
52.7704507,-1.199432000000001,picking
52.77048769999999,-1.1995618000000008,picking
52.77052217999999,-1.199686060000001,picking
52.77055666,-1.1998103200000012,picking
52.77059113999999,-1.1999345800000012,picking
52.77062562,-1.2000588400000014,picking
52.7706601,-1.2001831000000016,picking
52.770662214285714,-1.2003175428571442,picking
52.77066432857143,-1.2004519857142868,picking
52.77066644285714,-1.2005864285714294,picking
52.770668557142855,-1.200720871428572,picking
52.77067067142857,-1.2008553142857146,picking
52.77067278571428,-1.2009897571428572,picking
52.770674899999996,-1.2011241999999998,picking
52.77067075714285,-1.2012587,picking
52.770666614285716,-1.2013931999999998,picking
52.77066247142857,-1.2015277,picking
52.77065832857143,-1.2016622000000001,picking
52.770654185714285,-1.2017967000000003,picking
52.77065004285715,-1.2019312000000002,picking
52.770645900000005,-1.2020657000000003,picking
52.77063575,-1.2022185000000003,picking
52.77062559999999,-1.2023713000000003,picking
52.77056515999999,-1.2024496000000002,picking
52.77050471999999,-1.2025279000000004,picking
52.77044427999999,-1.2026062000000004,picking
52.770383839999994,-1.2026845000000006,picking
52.770323399999995,-1.2027628000000006,picking
52.7702214,-1.2029306000000004,picking
52.7701744,-1.2030090000000015,picking
52.770130249999994,-1.2031269000000009,picking
52.77008609999999,-1.2032448,picking
52.7700223,-1.2033524999999998,picking
52.769973433333334,-1.2034585666666666,picking
52.76992456666667,-1.2035646333333336,picking
52.7698757,-1.2036707000000004,picking
52.769828704761906,-1.2037668761904765,picking
52.76978170952381,-1.2038630523809526,picking
52.76973471428571,-1.203959228571429,picking
52.76968771904762,-1.204055404761905,picking
52.76964072380952,-1.204151580952381,picking
52.76959372857143,-1.2042477571428571,picking
52.769546733333335,-1.2043439333333334,picking
52.769499738095234,-1.2044401095238095,picking
52.76945274285714,-1.2045362857142856,picking
52.76940574761905,-1.2046324619047617,picking
52.76935875238095,-1.204728638095238,picking
52.76931175714286,-1.204824814285714,picking
52.769264761904765,-1.2049209904761902,picking
52.769217766666664,-1.2050171666666663,picking
52.76917077142857,-1.2051133428571426,picking
52.769123776190476,-1.2052095190476186,picking
52.76907678095238,-1.2053056952380947,picking
52.76902978571429,-1.2054018714285708,picking
52.76898279047619,-1.205498047619047,picking
52.76893579523809,-1.2055942238095232,picking
52.7688888,-1.2056903999999993,picking
52.76886284999999,-1.2058513999999996,picking
52.76883689999998,-1.2060123999999999,picking
52.76879816666665,-1.2061205249999998,picking
52.768759433333315,-1.20622865,picking
52.76872069999999,-1.2063367749999998,picking
52.768681966666655,-1.2064448999999997,picking
52.76864323333332,-1.2065530249999998,picking
52.768604499999995,-1.2066611499999997,picking
52.76856576666666,-1.2067692749999996,picking
52.76852703333333,-1.2068773999999998,picking
52.768488299999994,-1.2069855249999997,picking
52.76844956666666,-1.2070936499999996,picking
52.768410833333334,-1.2072017749999997,picking
52.7683721,-1.2073098999999996,picking
52.768300975,-1.2073967749999999,picking
52.76822985,-1.2074836500000001,picking
52.768158725,-1.2075705250000004,picking
52.7680876,-1.2076574000000007,picking
52.768018966666666,-1.2077167333333343,picking
52.767950333333324,-1.2077760666666677,picking
52.76788169999999,-1.2078354000000013,picking
52.76780612499999,-1.2079068000000013,picking
52.767730549999996,-1.2079782000000012,picking
52.767654975,-1.208049600000001,picking
52.7675794,-1.2081210000000009,picking
52.76750988888889,-1.2081852333333343,picking
52.76744037777778,-1.2082494666666674,picking
52.76737086666667,-1.2083137000000008,picking
52.76730135555555,-1.208377933333334,picking
52.767231844444446,-1.2084421666666674,picking
52.76716233333333,-1.2085064000000005,picking
52.76709282222222,-1.208570633333334,picking
52.76702331111111,-1.208634866666667,picking
52.766953799999996,-1.2086991000000005,picking
52.76687783999999,-1.2087565200000006,picking
52.766801879999996,-1.2088139400000006,picking
52.76672591999999,-1.2088713600000007,picking
52.766649959999995,-1.2089287800000008,picking
52.76657399999999,-1.208986200000001,picking
52.766499259999996,-1.2089535400000007,picking
52.766424519999994,-1.2089208800000006,picking
52.76634978,-1.2088882200000004,picking
52.76627504,-1.2088555600000004,picking
52.7662003,-1.2088229000000001,picking
52.7661211,-1.2088976000000002,picking
52.766041900000005,-1.2089723000000006,picking
52.7659627,-1.2090470000000006,picking
52.76589433125,-1.2091069375000005,picking
52.7658259625,-1.2091668750000004,picking
52.76575759375,-1.2092268125000005,picking
52.765689225,-1.2092867500000004,picking
52.765620856249996,-1.2093466875000003,picking
52.765552487499995,-1.2094066250000002,picking
52.765484118749995,-1.2094665625,picking
52.765415749999995,-1.2095265,picking
52.765347381249995,-1.2095864375,picking
52.765279012499995,-1.209646375,picking
52.765210643749995,-1.2097063124999998,picking
52.76514227499999,-1.2097662499999997,picking
52.76507390624999,-1.2098261874999996,picking
52.76500553749999,-1.2098861249999997,picking
52.76493716874999,-1.2099460624999996,picking
52.76486879999999,-1.2100059999999995,picking
52.764796533333325,-1.2100648749999996,picking
52.764724266666654,-1.2101237499999997,picking
52.76465199999999,-1.2101826249999998,picking
52.76457973333332,-1.2102415,picking
52.76450746666666,-1.210300375,picking
52.764435199999994,-1.2103592500000002,picking
52.764362933333324,-1.2104181250000003,picking
52.76429066666666,-1.2104770000000005,picking
52.76421839999999,-1.2105358750000006,picking
52.76414613333333,-1.2105947500000007,picking
52.764073866666656,-1.2106536250000008,picking
52.76400159999999,-1.210712500000001,delivering
52.764073866666656,-1.2106536250000008,delivering
52.76414613333333,-1.2105947500000007,delivering
52.76421839999999,-1.2105358750000006,delivering
52.76429066666666,-1.2104770000000005,delivering
52.764362933333324,-1.2104181250000003,delivering
52.764435199999994,-1.2103592500000002,delivering
52.76450746666666,-1.210300375,delivering
52.76457973333332,-1.2102415,delivering
52.76465199999999,-1.2101826249999998,delivering
52.764724266666654,-1.2101237499999997,delivering
52.764796533333325,-1.2100648749999996,delivering
52.76486879999999,-1.2100059999999995,delivering
52.76493716874999,-1.2099460624999996,delivering
52.76500553749999,-1.2098861249999997,delivering
52.76507390624999,-1.2098261874999996,delivering
52.76514227499999,-1.2097662499999997,delivering
52.765210643749995,-1.2097063124999998,delivering
52.765279012499995,-1.209646375,delivering
52.765347381249995,-1.2095864375,delivering
52.765415749999995,-1.2095265,delivering
52.765484118749995,-1.2094665625,delivering
52.765552487499995,-1.2094066250000002,delivering
52.765620856249996,-1.2093466875000003,delivering
52.765689225,-1.2092867500000004,delivering
52.76575759375,-1.2092268125000005,delivering
52.7658259625,-1.2091668750000004,delivering
52.76589433125,-1.2091069375000005,delivering
52.7659627,-1.2090470000000006,delivering
52.766041900000005,-1.2089723000000006,delivering
52.7661211,-1.2088976000000002,delivering
52.7662003,-1.2088229000000001,delivering
52.76627504,-1.2088555600000004,delivering
52.76634978,-1.2088882200000004,delivering
52.766424519999994,-1.2089208800000006,delivering
52.766499259999996,-1.2089535400000007,delivering
52.76657399999999,-1.208986200000001,delivering
52.76665136666666,-1.2090170000000007,delivering
52.76672873333333,-1.2090478000000007,delivering
52.7668061,-1.2090786000000004,delivering
52.76688346666666,-1.2091094000000002,delivering
52.766960833333336,-1.2091402000000002,delivering
52.7670382,-1.209171,delivering
52.76714859999999,-1.2092330000000011,delivering
52.76724959999999,-1.2092518000000005,delivering
52.76735059999999,-1.2092706,delivering
52.76741969999999,-1.2092072,delivering
52.767488799999995,-1.2091438,delivering
52.76755789999999,-1.2090804000000004,delivering
52.767627,-1.2090170000000005,delivering
52.767696099999995,-1.2089536000000005,delivering
52.7677652,-1.2088902000000006,delivering
52.7678343,-1.2088268000000006,delivering
52.767903399999994,-1.2087634000000007,delivering
52.7679725,-1.2087000000000008,delivering
52.7680416,-1.208636600000001,delivering
52.7681107,-1.2085732000000011,delivering
52.7681798,-1.2085098000000012,delivering
52.768242349999994,-1.2084389166666678,delivering
52.7683049,-1.2083680333333346,delivering
52.76836745,-1.2082971500000013,delivering
52.768429999999995,-1.2082262666666679,delivering
52.76849254999999,-1.2081553833333347,delivering
52.76855509999999,-1.2080845000000013,delivering
52.76859307222222,-1.20798048888889,delivering
52.76863104444444,-1.207876477777779,delivering
52.768669016666664,-1.2077724666666678,delivering
52.76870698888888,-1.2076684555555568,delivering
52.7687449611111,-1.2075644444444456,delivering
52.76878293333333,-1.2074604333333343,delivering
52.76882090555555,-1.2073564222222233,delivering
52.768858877777774,-1.207252411111112,delivering
52.76889684999999,-1.2071484000000008,delivering
52.768934822222214,-1.2070443888888898,delivering
52.76897279444444,-1.2069403777777785,delivering
52.76901076666666,-1.2068363666666675,delivering
52.769048738888884,-1.2067323555555562,delivering
52.76908671111111,-1.206628344444445,delivering
52.76912468333333,-1.206524333333334,delivering
52.76916265555555,-1.2064203222222227,delivering
52.76920062777777,-1.2063163111111117,delivering
52.769238599999994,-1.2062123000000005,delivering
52.769264899999996,-1.2061586000000004,delivering
52.7693253,-1.2060840480000004,delivering
52.769385699999994,-1.2060094960000003,delivering
52.769446099999996,-1.2059349440000005,delivering
52.7695065,-1.2058603920000004,delivering
52.769566899999994,-1.2057858400000003,delivering
52.769627299999996,-1.2057112880000003,delivering
52.76968769999999,-1.2056367360000004,delivering
52.769748099999994,-1.2055621840000004,delivering
52.769808499999996,-1.2054876320000003,delivering
52.76986889999999,-1.2054130800000002,delivering
52.769929299999994,-1.2053385280000004,delivering
52.769989699999996,-1.2052639760000003,delivering
52.77005009999999,-1.2051894240000003,delivering
52.770110499999994,-1.2051148720000002,delivering
52.7701709,-1.2050403200000004,delivering
52.77023129999999,-1.2049657680000003,delivering
52.770291699999994,-1.2048912160000003,delivering
52.7703521,-1.2048166640000002,delivering
52.77041249999999,-1.2047421120000004,delivering
52.770472899999994,-1.2046675600000003,delivering
52.77053329999999,-1.2045930080000002,delivering
52.77059369999999,-1.2045184560000002,delivering
52.770654099999994,-1.2044439040000003,delivering
52.77071449999999,-1.2043693520000003,delivering
52.77077489999999,-1.2042948000000002,delivering
52.77083858333333,-1.2043710833333334,delivering
52.77090226666666,-1.2044473666666669,delivering
52.77096594999999,-1.20452365,delivering
52.77102963333333,-1.2045999333333335,delivering
52.771093316666665,-1.2046762166666667,delivering
52.771156999999995,-1.2047525000000001,delivering
52.771220683333325,-1.2048287833333333,delivering
52.77128436666666,-1.2049050666666667,delivering
52.77134805,-1.20498135,delivering
52.77141173333333,-1.2050576333333332,delivering
52.77147541666667,-1.2051339166666666,delivering
52.7715391,-1.2052101999999998,delivering
52.771602783333336,-1.2052864833333332,delivering
52.771666466666666,-1.2053627666666664,delivering
52.771730149999996,-1.2054390499999998,delivering
52.771793833333334,-1.205515333333333,delivering
52.77185751666667,-1.2055916166666665,delivering
52.7719212,-1.2056678999999997,delivering
52.771963595,-1.2055606849999998,delivering
52.77200599,-1.2054534699999997,delivering
52.772048385,-1.2053462549999998,delivering
52.77209078,-1.20523904,delivering
52.772133175,-1.205131825,delivering
52.77217557,-1.20502461,delivering
52.772217964999996,-1.204917395,delivering
52.77226036,-1.2048101800000002,delivering
52.772302755,-1.204702965,delivering
52.77234514999999,-1.2045957500000002,delivering
52.772387544999994,-1.2044885350000003,delivering
52.772429939999995,-1.2043813200000002,delivering
52.772472334999996,-1.2042741050000003,delivering
52.77251473,-1.2041668900000004,delivering
52.77255712499999,-1.2040596750000003,delivering
52.77259951999999,-1.2039524600000004,delivering
52.772641914999994,-1.2038452450000006,delivering
52.77268430999999,-1.2037380300000007,delivering
52.77272670499999,-1.2036308150000006,delivering
52.77276909999999,-1.2035236000000007,delivering
52.7728148,-1.2034202000000003,delivering
52.77286681818182,-1.2033307181818185,delivering
52.77291883636364,-1.2032412363636367,delivering
52.772970854545456,-1.2031517545454549,delivering
52.773022872727275,-1.203062272727273,delivering
52.77307489090909,-1.2029727909090913,delivering
52.77312690909091,-1.2028833090909097,delivering
52.77317892727273,-1.2027938272727279,delivering
52.77323094545455,-1.202704345454546,delivering
52.77328296363637,-1.2026148636363643,delivering
52.77333498181819,-1.2025253818181825,delivering
52.77338700000001,-1.2024359000000007,delivering
52.773451800000004,-1.2025077300000007,delivering
52.77351660000001,-1.2025795600000004,delivering
52.773581400000005,-1.2026513900000004,delivering
52.7736462,-1.2027232200000002,delivering
52.773711000000006,-1.2027950500000002,delivering
52.7737758,-1.2028668800000002,delivering
52.7738406,-1.20293871,delivering
52.7739054,-1.20301054,delivering
52.7739702,-1.2030823699999997,delivering
52.774035,-1.2031541999999997,delivering
52.774109499999994,-1.2030955374999996,delivering
52.77418399999999,-1.2030368749999996,delivering
52.774258499999995,-1.2029782124999995,delivering
52.77433299999999,-1.2029195499999994,delivering
52.77440749999999,-1.2028608874999995,delivering
52.77448199999999,-1.2028022249999994,delivering
52.77455649999999,-1.2027435624999994,delivering
52.774630999999985,-1.2026848999999993,delivering
52.77470705999998,-1.2026641439999994,delivering
52.77478311999999,-1.2026433879999994,delivering
52.774859179999986,-1.2026226319999995,delivering
52.774935239999984,-1.2026018759999995,delivering
52.77501129999999,-1.2025811199999996,delivering
52.775087359999986,-1.2025603639999995,delivering
52.77516341999999,-1.2025396079999997,delivering
52.77523947999999,-1.2025188519999996,delivering
52.77531553999999,-1.2024980959999998,delivering
52.77539159999999,-1.20247734,delivering
52.77546765999999,-1.2024565839999999,delivering
52.77554371999999,-1.202435828,delivering
52.77561977999999,-1.202415072,delivering
52.77569583999999,-1.2023943160000001,delivering
52.77577189999999,-1.20237356,delivering
52.77584795999999,-1.2023528040000002,delivering
52.77592401999999,-1.2023320480000004,delivering
52.77600007999999,-1.2023112920000003,delivering
52.776076139999994,-1.2022905360000005,delivering
52.77615219999999,-1.2022697800000004,delivering
52.776228259999996,-1.2022490240000006,delivering
52.776304319999994,-1.2022282680000005,delivering
52.77638037999999,-1.2022075120000006,delivering
52.77645644,-1.2021867560000006,delivering
52.776532499999995,-1.2021660000000007,delivering
52.776510249999994,-1.2023142500000006,delivering
52.77648799999999,-1.2024625000000004,delivering
52.776448537499995,-1.2025788250000002,delivering
52.776409075,-1.2026951500000003,delivering
52.7763696125,-1.202811475,delivering
52.77633015,-1.2029277999999999,delivering
52.7762906875,-1.203044125,delivering
52.776251225,-1.2031604499999997,delivering
52.776211762500004,-1.2032767749999997,delivering
52.776172300000006,-1.2033930999999995,delivering
52.77622351153847,-1.2034842846153841,delivering
52.77627472307693,-1.2035754692307687,delivering
52.776325934615386,-1.2036666538461533,delivering
52.77637714615385,-1.2037578384615382,delivering
52.77642835769231,-1.2038490230769228,delivering
52.77647956923077,-1.2039402076923074,delivering
52.776530780769235,-1.204031392307692,delivering
52.77658199230769,-1.2041225769230766,delivering
52.77663320384615,-1.2042137615384612,delivering
52.776684415384615,-1.204304946153846,delivering
52.77673562692308,-1.2043961307692306,delivering
52.77678683846154,-1.2044873153846152,delivering
52.776838049999995,-1.2045784999999998,delivering
52.77688926153846,-1.2046696846153844,delivering
52.77694047307692,-1.204760869230769,delivering
52.77699168461538,-1.2048520538461536,delivering
52.777042896153844,-1.2049432384615384,delivering
52.77709410769231,-1.205034423076923,delivering
52.77714531923076,-1.2051256076923076,delivering
52.777196530769224,-1.2052167923076922,delivering
52.77724774230769,-1.2053079769230768,delivering
52.77729895384615,-1.2053991615384614,delivering
52.77735016538461,-1.2054903461538462,delivering
52.777401376923066,-1.2055815307692308,delivering
52.77745258846153,-1.2056727153846154,delivering
52.77750379999999,-1.2057639,picking
52.777433699999996,-1.20585292,picking
52.777363599999994,-1.2059419400000004,picking
52.7772935,-1.2060309600000005,picking
52.7772234,-1.2061199800000009,picking
52.7771533,-1.206209000000001,picking
52.777103625,-1.206303675000001,picking
52.777053949999996,-1.206398350000001,picking
52.777004274999996,-1.2064930250000012,picking
52.776954599999996,-1.2065877000000012,picking
52.77690332727272,-1.2064919272727284,picking
52.77685205454545,-1.2063961545454556,picking
52.776800781818174,-1.2063003818181828,picking
52.776749509090905,-1.20620460909091,picking
52.77669823636363,-1.2061088363636372,picking
52.77664696363636,-1.2060130636363644,picking
52.77659569090908,-1.2059172909090916,picking
52.776544418181814,-1.2058215181818188,picking
52.77649314545454,-1.205725745454546,picking
52.77644187272727,-1.2056299727272732,picking
52.77639059999999,-1.2055342000000007,picking
52.776339327272716,-1.2054384272727279,picking
52.77628805454545,-1.205342654545455,picking
52.77623678181817,-1.2052468818181823,picking
52.7761855090909,-1.2051511090909095,picking
52.776134236363625,-1.2050553363636367,picking
52.776082963636355,-1.204959563636364,picking
52.77603169090908,-1.2048637909090911,picking
52.77598041818181,-1.2047680181818183,picking
52.77592914545453,-1.2046722454545455,picking
52.775877872727264,-1.2045764727272728,picking
52.77582659999999,-1.2044807,picking
52.77578357499999,-1.2045964125,picking
52.775740549999995,-1.204712125,picking
52.77569752499999,-1.2048278374999999,picking
52.775654499999995,-1.2049435499999999,picking
52.775611475,-1.2050592625,picking
52.775568449999994,-1.205174975,picking
52.775525425,-1.2052906875,picking
52.7754824,-1.2054064,picking
52.7754315625,-1.20550505,picking
52.775380725,-1.2056037,picking
52.7753298875,-1.20570235,picking
52.775279049999995,-1.2058010000000001,picking
52.7752282125,-1.20589965,picking
52.775177375,-1.2059983,picking
52.77512653749999,-1.20609695,picking
52.775075699999995,-1.2061956,picking
52.77502984615384,-1.2061077576923078,picking
52.77498399230769,-1.2060199153846154,picking
52.774938138461536,-1.205932073076923,picking
52.77489228461538,-1.2058442307692308,picking
52.77484643076923,-1.2057563884615385,picking
52.77480057692308,-1.205668546153846,picking
52.77475472307692,-1.2055807038461537,picking
52.774708869230764,-1.2054928615384615,picking
52.77466301538461,-1.2054050192307693,picking
52.77461716153846,-1.2053171769230768,picking
52.774571307692305,-1.2052293346153844,picking
52.77452545384615,-1.2051414923076922,picking
52.7744796,-1.20505365,picking
52.774433746153846,-1.2049658076923075,picking
52.77438789230769,-1.2048779653846153,picking
52.77434203846154,-1.204790123076923,picking
52.77429618461539,-1.2047022807692307,picking
52.774250330769235,-1.2046144384615383,picking
52.77420447692308,-1.2045265961538458,picking
52.77415862307692,-1.2044387538461536,picking
52.77411276923077,-1.2043509115384614,picking
52.774066915384616,-1.204263069230769,picking
52.77402106153846,-1.2041752269230765,picking
52.77397520769231,-1.2040873846153843,picking
52.77392935384616,-1.2039995423076921,picking
52.773883500000004,-1.2039116999999997,picking
52.773841700000006,-1.2040233799999995,picking
52.7737999,-1.2041350599999994,picking
52.7737581,-1.2042467399999994,picking
52.7737163,-1.2043584199999993,picking
52.7736745,-1.204470099999999,picking
52.773585866666664,-1.2044564999999996,picking
52.77349723333333,-1.2044429,picking
52.773408599999996,-1.2044293000000006,picking
52.77335852499999,-1.2043202750000006,picking
52.773308449999995,-1.2042112500000006,picking
52.773258375,-1.2041022250000006,picking
52.77320829999999,-1.2039932000000007,picking
52.77315208571428,-1.2039113428571435,picking
52.773095871428566,-1.2038294857142862,picking
52.77303965714285,-1.203747628571429,picking
52.77298344285714,-1.203665771428572,picking
52.772927228571426,-1.2035839142857148,picking
52.77287101428571,-1.2035020571428574,picking
52.7728148,-1.2034202000000003,picking
52.77274678888889,-1.2033547888888891,picking
52.77267877777778,-1.2032893777777782,picking
52.772610766666666,-1.203223966666667,picking
52.772542755555556,-1.2031585555555562,picking
52.772474744444445,-1.203093144444445,picking
52.772406733333334,-1.203027733333334,picking
52.77233872222222,-1.202962322222223,picking
52.77227071111111,-1.2028969111111119,picking
52.772202699999994,-1.2028315000000007,picking
52.77213468888888,-1.2027660888888898,picking
52.77206667777777,-1.2027006777777787,picking
52.77199866666666,-1.2026352666666678,picking
52.77193065555555,-1.2025698555555566,picking
52.77186264444444,-1.2025044444444455,picking
52.77179463333333,-1.2024390333333346,picking
52.77172662222222,-1.2023736222222234,picking
52.77165861111111,-1.2023082111111125,picking
52.771590599999996,-1.2022428000000014,picking
52.77151523636363,-1.2022438181818196,picking
52.77143987272727,-1.2022448363636375,picking
52.77136450909091,-1.2022458545454557,picking
52.771289145454546,-1.202246872727274,picking
52.77121378181818,-1.2022478909090921,picking
52.77113841818181,-1.20224890909091,picking
52.77106305454545,-1.2022499272727283,picking
52.77098769090909,-1.2022509454545465,picking
52.770912327272725,-1.2022519636363647,picking
52.77083696363636,-1.2022529818181826,picking
52.7707616,-1.2022540000000008,picking
52.77070375,-1.2021598500000006,picking
52.770645900000005,-1.2020657000000003,picking
52.77065004285715,-1.2019312000000002,picking
52.770654185714285,-1.2017967000000003,picking
52.77065832857143,-1.2016622000000001,picking
52.77066247142857,-1.2015277,picking
52.770666614285716,-1.2013931999999998,picking
52.77067075714285,-1.2012587,picking
52.770674899999996,-1.2011241999999998,picking
52.77067278571428,-1.2009897571428572,picking
52.77067067142857,-1.2008553142857146,picking
52.770668557142855,-1.200720871428572,picking
52.77066644285714,-1.2005864285714294,picking
52.77066432857143,-1.2004519857142868,picking
52.770662214285714,-1.2003175428571442,picking
52.7706601,-1.2001831000000016,picking
52.77062562,-1.2000588400000014,picking
52.77059113999999,-1.1999345800000012,picking
52.77055666,-1.1998103200000012,picking
52.77052217999999,-1.199686060000001,picking
52.77048769999999,-1.1995618000000008,delivering
52.77052217999999,-1.199686060000001,delivering
52.77055666,-1.1998103200000012,delivering
52.77059113999999,-1.1999345800000012,delivering
52.77062562,-1.2000588400000014,delivering
52.7706601,-1.2001831000000016,delivering
52.770662214285714,-1.2003175428571442,delivering
52.77066432857143,-1.2004519857142868,delivering
52.77066644285714,-1.2005864285714294,delivering
52.770668557142855,-1.200720871428572,delivering
52.77067067142857,-1.2008553142857146,delivering
52.77067278571428,-1.2009897571428572,delivering
52.770674899999996,-1.2011241999999998,delivering
52.77067075714285,-1.2012587,delivering
52.770666614285716,-1.2013931999999998,delivering
52.77066247142857,-1.2015277,delivering
52.77065832857143,-1.2016622000000001,delivering
52.770654185714285,-1.2017967000000003,delivering
52.77065004285715,-1.2019312000000002,delivering
52.770645900000005,-1.2020657000000003,delivering
52.77063575,-1.2022185000000003,delivering
52.77062559999999,-1.2023713000000003,delivering
52.77056515999999,-1.2024496000000002,delivering
52.77050471999999,-1.2025279000000004,delivering
52.77044427999999,-1.2026062000000004,delivering
52.770383839999994,-1.2026845000000006,delivering
52.770323399999995,-1.2027628000000006,delivering
52.7702214,-1.2029306000000004,delivering
52.7701744,-1.2030090000000015,delivering
52.770130249999994,-1.2031269000000009,delivering
52.77008609999999,-1.2032448,delivering
52.77015186666666,-1.2031612666666671,delivering
52.77021763333333,-1.203077733333334,delivering
52.7702834,-1.2029942000000011,delivering
52.770346866666664,-1.2029069500000011,delivering
52.770410333333324,-1.2028197000000012,delivering
52.77047379999999,-1.202732450000001,delivering
52.77053726666666,-1.202645200000001,delivering
52.77060073333332,-1.202557950000001,delivering
52.770664199999985,-1.202470700000001,delivering
52.77073209999998,-1.20250466451613,delivering
52.77079999999999,-1.202538629032259,delivering
52.770867899999985,-1.202572593548388,delivering
52.77093579999998,-1.202606558064517,delivering
52.77100369999999,-1.202640522580646,delivering
52.771071599999985,-1.2026744870967752,delivering
52.77113949999998,-1.202708451612904,delivering
52.77120739999999,-1.2027424161290332,delivering
52.771275299999985,-1.2027763806451621,delivering
52.77134319999999,-1.2028103451612913,delivering
52.77141109999999,-1.2028443096774202,delivering
52.771478999999985,-1.2028782741935493,delivering
52.77154689999999,-1.2029122387096782,delivering
52.77161479999999,-1.2029462032258074,delivering
52.771682699999985,-1.2029801677419363,delivering
52.77175059999999,-1.2030141322580654,delivering
52.77181849999999,-1.2030480967741943,delivering
52.771886399999985,-1.2030820612903235,delivering
52.77195429999999,-1.2031160258064524,delivering
52.77202219999999,-1.2031499903225815,delivering
52.772090099999986,-1.2031839548387104,delivering
52.77215799999999,-1.2032179193548396,delivering
52.77222589999999,-1.2032518838709685,delivering
52.77229379999999,-1.2032858483870976,delivering
52.77236169999999,-1.2033198129032265,delivering
52.77242959999999,-1.2033537774193557,delivering
52.77249749999999,-1.2033877419354846,delivering
52.77256539999999,-1.2034217064516137,delivering
52.77263329999999,-1.2034556709677426,delivering
52.77270119999999,-1.2034896354838718,delivering
52.77276909999999,-1.2035236000000007,delivering
52.77283184285714,-1.2035906857142864,delivering
52.772894585714276,-1.203657771428572,delivering
52.77295732857142,-1.2037248571428578,delivering
52.77302007142856,-1.2037919428571435,delivering
52.77308281428571,-1.2038590285714292,delivering
52.77314555714285,-1.203926114285715,delivering
52.77320829999999,-1.2039932000000007,delivering
52.773258375,-1.2041022250000006,delivering
52.773308449999995,-1.2042112500000006,delivering
52.77335852499999,-1.2043202750000006,delivering
52.773408599999996,-1.2044293000000006,delivering
52.77344113333333,-1.204583466666667,delivering
52.77347366666667,-1.2047376333333337,delivering
52.7735062,-1.2048918000000002,delivering
52.77356518333333,-1.2049911333333336,delivering
52.773624166666664,-1.205090466666667,delivering
52.77368315,-1.2051898000000003,delivering
52.77374213333333,-1.2052891333333338,delivering
52.77380111666666,-1.2053884666666672,delivering
52.77386009999999,-1.2054878000000007,delivering
52.77389829999999,-1.2055960428571435,delivering
52.77393649999999,-1.2057042857142863,delivering
52.77397469999999,-1.2058125285714292,delivering
52.774012899999995,-1.205920771428572,delivering
52.774051099999994,-1.2060290142857149,delivering
52.77408929999999,-1.2061372571428577,delivering
52.77412749999999,-1.2062455000000005,delivering
52.77416569999999,-1.2063537428571436,delivering
52.77420389999999,-1.2064619857142864,delivering
52.77424209999999,-1.2065702285714293,delivering
52.774280299999994,-1.206678471428572,delivering
52.77431849999999,-1.206786714285715,delivering
52.77435669999999,-1.2068949571428578,delivering
52.77439489999999,-1.2070032000000006,delivering
52.77443862222221,-1.207103622222223,delivering
52.774482344444436,-1.2072040444444452,delivering
52.77452606666666,-1.2073044666666675,delivering
52.77456978888888,-1.2074048888888897,delivering
52.7746135111111,-1.207505311111112,delivering
52.77465723333332,-1.2076057333333343,delivering
52.774700955555545,-1.2077061555555566,delivering
52.77474467777777,-1.207806577777779,delivering
52.77478839999999,-1.2079070000000012,delivering
52.77476416666666,-1.2080436000000006,delivering
52.77473993333332,-1.2081802,delivering
52.77471569999999,-1.2083167999999993,delivering
52.774691191666655,-1.2084430083333328,delivering
52.77466668333332,-1.2085692166666662,delivering
52.77464217499999,-1.2086954249999997,delivering
52.77461766666666,-1.208821633333333,delivering
52.774593158333325,-1.2089478416666666,delivering
52.77456864999999,-1.20907405,delivering
52.77454414166666,-1.2092002583333334,delivering
52.77451963333333,-1.209326466666667,delivering
52.774495124999994,-1.2094526750000003,delivering
52.77447061666666,-1.2095788833333339,delivering
52.77444610833333,-1.2097050916666672,delivering
52.7744216,-1.2098313000000007,delivering
52.774415100000006,-1.2098761000000005,delivering
52.774353225,-1.2099689250000005,delivering
52.77429135,-1.2100617500000006,delivering
52.774229475,-1.2101545750000007,delivering
52.77416759999999,-1.2102474000000008,delivering
52.77411825,-1.2103607000000007,delivering
52.7740689,-1.210474000000001,delivering
52.77404009999999,-1.210634000000001,delivering
52.77408689999999,-1.210743100000001,delivering
52.77413369999999,-1.2108522000000008,delivering
52.7741805,-1.2109613000000006,delivering
52.7742273,-1.2110704000000005,delivering
52.7742896,-1.2111645000000006,delivering
52.7743519,-1.2112586000000007,delivering
52.7744142,-1.211352700000001,delivering
52.7744765,-1.2114468000000012,delivering
52.7745388,-1.2115409000000013,delivering
52.774597766666666,-1.211626200000001,delivering
52.77465673333334,-1.2117115000000007,delivering
52.7747157,-1.2117968000000006,delivering
52.774774666666666,-1.2118821000000004,delivering
52.77483363333334,-1.2119674,delivering
52.7748926,-1.2120526999999999,delivering
52.7749523,-1.2121301142857144,delivering
52.775012000000004,-1.2122075285714287,delivering
52.775071700000005,-1.2122849428571432,delivering
52.7751314,-1.2123623571428574,delivering
52.7751911,-1.212439771428572,delivering
52.7752508,-1.2125171857142862,delivering
52.7753105,-1.2125946000000007,delivering
52.7753553,-1.2127080875000007,delivering
52.7754001,-1.2128215750000004,delivering
52.7754449,-1.2129350625000004,delivering
52.775489699999994,-1.2130485500000003,delivering
52.7755345,-1.2131620375,delivering
52.7755793,-1.213275525,delivering
52.775624099999995,-1.2133890124999998,delivering
52.77566889999999,-1.2135024999999997,delivering
52.77571361999999,-1.2136253799999999,delivering
52.775758339999996,-1.21374826,delivering
52.775803059999994,-1.21387114,delivering
52.77584778,-1.2139940200000001,delivering
52.7758925,-1.2141169000000003,delivering
52.775943299999994,-1.2142166285714289,delivering
52.7759941,-1.2143163571428577,delivering
52.776044899999995,-1.2144160857142863,delivering
52.77609569999999,-1.214515814285715,delivering
52.77614649999999,-1.2146155428571437,delivering
52.77619729999999,-1.2147152714285725,delivering
52.77624809999999,-1.214815000000001,delivering
52.77629307999999,-1.2149140800000007,delivering
52.77633805999999,-1.2150131600000005,delivering
52.77638303999999,-1.21511224,delivering
52.77642802,-1.2152113199999999,delivering
52.776472999999996,-1.2153103999999995,delivering
52.77650714,-1.2154396599999997,delivering
52.776541280000004,-1.21556892,delivering
52.77657542,-1.2156981800000002,delivering
52.776609560000004,-1.2158274400000004,delivering
52.77664370000001,-1.2159567000000007,delivering
52.776685400000005,-1.2161422999999993,delivering
52.7767304125,-1.2162438874999997,delivering
52.776775425000004,-1.2163454749999998,delivering
52.7768204375,-1.2164470625,delivering
52.77686545,-1.2165486500000002,delivering
52.7769104625,-1.2166502375000006,delivering
52.776955474999994,-1.2167518250000007,delivering
52.7770004875,-1.2168534125000008,delivering
52.77704549999999,-1.2169550000000011,delivering
52.77711629999999,-1.2170753500000009,delivering
52.777187099999985,-1.2171957000000007,delivering
52.777247516666655,-1.2172754916666673,delivering
52.77730793333332,-1.217355283333334,delivering
52.77736834999999,-1.2174350750000007,delivering
52.77742876666665,-1.2175148666666673,delivering
52.77748918333332,-1.2175946583333341,delivering
52.777549599999986,-1.2176744500000007,delivering
52.77761001666666,-1.2177542416666673,delivering
52.77767043333333,-1.2178340333333342,delivering
52.77773084999999,-1.2179138250000008,delivering
52.77779126666666,-1.2179936166666674,delivering
52.777851683333324,-1.2180734083333342,delivering
52.777912099999995,-1.2181532000000008,delivering
52.77797421111111,-1.2182285555555563,delivering
52.77803632222221,-1.2183039111111118,delivering
52.77809843333333,-1.2183792666666673,delivering
52.77816054444444,-1.2184546222222228,delivering
52.778222655555545,-1.218529977777778,delivering
52.77828476666666,-1.2186053333333335,delivering
52.77834687777777,-1.218680688888889,delivering
52.77840898888888,-1.2187560444444445,delivering
52.77847109999999,-1.2188314,delivering
52.7785687,-1.2189646999999997,delivering
52.778629366666664,-1.219053233333333,delivering
52.77869003333333,-1.2191417666666664,delivering
52.778750699999996,-1.2192302999999998,delivering
52.778811366666666,-1.2193188333333331,delivering
52.77887203333333,-1.2194073666666667,delivering
52.7789327,-1.2194959,delivering
52.77899336666666,-1.2195844333333334,delivering
52.77905403333333,-1.2196729666666668,delivering
52.779114699999994,-1.2197615000000002,delivering
52.77908413157894,-1.2198748315789476,delivering
52.77905356315789,-1.219988163157895,delivering
52.779022994736835,-1.2201014947368425,delivering
52.77899242631578,-1.22021482631579,delivering
52.77896185789473,-1.2203281578947374,delivering
52.778931289473675,-1.2204414894736848,delivering
52.77890072105262,-1.2205548210526322,delivering
52.77887015263157,-1.2206681526315797,delivering
52.778839584210516,-1.2207814842105271,delivering
52.77880901578947,-1.2208948157894743,delivering
52.77877844736842,-1.2210081473684218,delivering
52.778747878947364,-1.2211214789473692,delivering
52.77871731052631,-1.2212348105263167,delivering
52.77868674210526,-1.221348142105264,delivering
52.778656173684205,-1.2214614736842115,delivering
52.77862560526315,-1.221574805263159,delivering
52.7785950368421,-1.2216881368421064,delivering
52.778564468421045,-1.2218014684210539,delivering
52.77853389999999,-1.2219148000000013,delivering
52.77850628571428,-1.2220311408163278,delivering
52.778478671428566,-1.2221474816326543,delivering
52.77845105714285,-1.2222638224489808,delivering
52.77842344285713,-1.2223801632653073,delivering
52.77839582857142,-1.2224965040816338,delivering
52.778368214285706,-1.2226128448979603,delivering
52.77834059999999,-1.2227291857142868,delivering
52.77831298571428,-1.2228455265306133,delivering
52.77828537142857,-1.2229618673469398,delivering
52.77825775714285,-1.2230782081632663,delivering
52.77823014285713,-1.2231945489795928,delivering
52.77820252857142,-1.2233108897959193,delivering
52.77817491428571,-1.2234272306122458,delivering
52.77814729999999,-1.2235435714285723,delivering
52.77811968571428,-1.2236599122448988,delivering
52.77809207142857,-1.2237762530612253,delivering
52.778064457142854,-1.2238925938775518,delivering
52.778036842857134,-1.2240089346938783,delivering
52.77800922857142,-1.2241252755102048,delivering
52.77798161428571,-1.2242416163265313,delivering
52.777953999999994,-1.2243579571428578,delivering
52.77792638571428,-1.2244742979591843,delivering
52.77789877142857,-1.2245906387755108,delivering
52.777871157142854,-1.2247069795918373,delivering
52.777843542857134,-1.2248233204081638,delivering
52.77781592857142,-1.2249396612244903,delivering
52.77778831428571,-1.2250560020408168,delivering
52.777760699999995,-1.2251723428571433,delivering
52.77773308571428,-1.2252886836734698,delivering
52.77770547142857,-1.2254050244897963,delivering
52.777677857142855,-1.2255213653061228,delivering
52.777650242857135,-1.2256377061224493,delivering
52.77762262857142,-1.2257540469387758,delivering
52.77759501428571,-1.2258703877551023,delivering
52.777567399999995,-1.2259867285714288,delivering
52.77753978571428,-1.2261030693877553,delivering
52.77751217142857,-1.2262194102040818,delivering
52.777484557142856,-1.2263357510204083,delivering
52.777456942857135,-1.2264520918367348,delivering
52.77742932857142,-1.2265684326530613,delivering
52.77740171428571,-1.2266847734693878,delivering
52.777374099999996,-1.2268011142857143,delivering
52.77734648571428,-1.2269174551020408,delivering
52.77731887142857,-1.2270337959183673,delivering
52.777291257142856,-1.2271501367346938,delivering
52.777263642857136,-1.2272664775510203,delivering
52.77723602857142,-1.2273828183673468,delivering
52.77720841428571,-1.2274991591836732,delivering
52.7771808,-1.2276154999999997,delivering
52.777146259090905,-1.2277271545454542,delivering
52.777111718181814,-1.227838809090909,delivering
52.77707717727272,-1.2279504636363634,delivering
52.77704263636363,-1.228062118181818,delivering
52.77700809545454,-1.2281737727272726,delivering
52.77697355454545,-1.2282854272727273,delivering
52.77693901363636,-1.2283970818181817,delivering
52.77690447272727,-1.2285087363636364,delivering
52.776869931818176,-1.228620390909091,delivering
52.776835390909085,-1.2287320454545456,delivering
52.77680085,-1.2288437,delivering
52.77676630909091,-1.2289553545454546,delivering
52.77673176818182,-1.2290670090909093,delivering
52.77669722727273,-1.2291786636363637,delivering
52.776662686363636,-1.2292903181818184,delivering
52.776628145454545,-1.229401972727273,delivering
52.776593604545454,-1.2295136272727276,delivering
52.77655906363636,-1.229625281818182,delivering
52.77652452272727,-1.2297369363636368,delivering
52.77648998181818,-1.2298485909090913,delivering
52.77645544090909,-1.229960245454546,delivering
52.7764209,-1.2300719000000004,picking
52.77645544090909,-1.229960245454546,picking
52.77648998181818,-1.2298485909090913,picking
52.77652452272727,-1.2297369363636368,picking
52.77655906363636,-1.229625281818182,picking
52.776593604545454,-1.2295136272727276,picking
52.776628145454545,-1.229401972727273,picking
52.776662686363636,-1.2292903181818184,picking
52.77669722727273,-1.2291786636363637,picking
52.77673176818182,-1.2290670090909093,picking
52.77676630909091,-1.2289553545454546,picking
52.77680085,-1.2288437,picking
52.776835390909085,-1.2287320454545456,picking
52.776869931818176,-1.228620390909091,picking
52.77690447272727,-1.2285087363636364,picking
52.77693901363636,-1.2283970818181817,picking
52.77697355454545,-1.2282854272727273,picking
52.77700809545454,-1.2281737727272726,picking
52.77704263636363,-1.228062118181818,picking
52.77707717727272,-1.2279504636363634,picking
52.777111718181814,-1.227838809090909,picking
52.777146259090905,-1.2277271545454542,picking
52.7771808,-1.2276154999999997,picking
52.77720841428571,-1.2274991591836732,picking
52.77723602857142,-1.2273828183673468,picking
52.777263642857136,-1.2272664775510203,picking
52.777291257142856,-1.2271501367346938,picking
52.77731887142857,-1.2270337959183673,picking
52.77734648571428,-1.2269174551020408,picking
52.777374099999996,-1.2268011142857143,picking
52.77740171428571,-1.2266847734693878,picking
52.77742932857142,-1.2265684326530613,picking
52.777456942857135,-1.2264520918367348,picking
52.777484557142856,-1.2263357510204083,picking
52.77751217142857,-1.2262194102040818,picking
52.77753978571428,-1.2261030693877553,picking
52.777567399999995,-1.2259867285714288,picking
52.77759501428571,-1.2258703877551023,picking
52.77762262857142,-1.2257540469387758,picking
52.777650242857135,-1.2256377061224493,picking
52.777677857142855,-1.2255213653061228,picking
52.77770547142857,-1.2254050244897963,picking
52.77773308571428,-1.2252886836734698,picking
52.777760699999995,-1.2251723428571433,picking
52.77778831428571,-1.2250560020408168,picking
52.77781592857142,-1.2249396612244903,picking
52.777843542857134,-1.2248233204081638,picking
52.777871157142854,-1.2247069795918373,picking
52.77789877142857,-1.2245906387755108,picking
52.77792638571428,-1.2244742979591843,picking
52.777953999999994,-1.2243579571428578,picking
52.77798161428571,-1.2242416163265313,picking
52.77800922857142,-1.2241252755102048,picking
52.778036842857134,-1.2240089346938783,picking
52.778064457142854,-1.2238925938775518,picking
52.77809207142857,-1.2237762530612253,picking
52.77811968571428,-1.2236599122448988,picking
52.77814729999999,-1.2235435714285723,picking
52.77817491428571,-1.2234272306122458,picking
52.77820252857142,-1.2233108897959193,picking
52.77823014285713,-1.2231945489795928,picking
52.77825775714285,-1.2230782081632663,picking
52.77828537142857,-1.2229618673469398,picking
52.77831298571428,-1.2228455265306133,picking
52.77834059999999,-1.2227291857142868,picking
52.778368214285706,-1.2226128448979603,picking
52.77839582857142,-1.2224965040816338,picking
52.77842344285713,-1.2223801632653073,picking
52.77845105714285,-1.2222638224489808,picking
52.778478671428566,-1.2221474816326543,picking
52.77850628571428,-1.2220311408163278,picking
52.77853389999999,-1.2219148000000013,picking
52.778564468421045,-1.2218014684210539,picking
52.7785950368421,-1.2216881368421064,picking
52.77862560526315,-1.221574805263159,picking
52.778656173684205,-1.2214614736842115,picking
52.77868674210526,-1.221348142105264,picking
52.77871731052631,-1.2212348105263167,picking
52.778747878947364,-1.2211214789473692,picking
52.77877844736842,-1.2210081473684218,picking
52.77880901578947,-1.2208948157894743,picking
52.778839584210516,-1.2207814842105271,picking
52.77887015263157,-1.2206681526315797,picking
52.77890072105262,-1.2205548210526322,picking
52.778931289473675,-1.2204414894736848,picking
52.77896185789473,-1.2203281578947374,picking
52.77899242631578,-1.22021482631579,picking
52.779022994736835,-1.2201014947368425,picking
52.77905356315789,-1.219988163157895,picking
52.77908413157894,-1.2198748315789476,picking
52.779114699999994,-1.2197615000000002,picking
52.77905403333333,-1.2196729666666668,picking
52.77899336666666,-1.2195844333333334,picking
52.7789327,-1.2194959,picking
52.77887203333333,-1.2194073666666667,picking
52.778811366666666,-1.2193188333333331,picking
52.778750699999996,-1.2192302999999998,picking
52.77869003333333,-1.2191417666666664,picking
52.778629366666664,-1.219053233333333,picking
52.7785687,-1.2189646999999997,picking
52.77847109999999,-1.2188314,picking
52.77840898888888,-1.2187560444444445,picking
52.77834687777777,-1.218680688888889,picking
52.77828476666666,-1.2186053333333335,picking
52.778222655555545,-1.218529977777778,picking
52.77816054444444,-1.2184546222222228,picking
52.77809843333333,-1.2183792666666673,picking
52.77803632222221,-1.2183039111111118,picking
52.77797421111111,-1.2182285555555563,picking
52.777912099999995,-1.2181532000000008,picking
52.777851683333324,-1.2180734083333342,picking
52.77779126666666,-1.2179936166666674,picking
52.77773084999999,-1.2179138250000008,picking
52.77767043333333,-1.2178340333333342,picking
52.77761001666666,-1.2177542416666673,picking
52.777549599999986,-1.2176744500000007,picking
52.77748918333332,-1.2175946583333341,picking
52.77742876666665,-1.2175148666666673,picking
52.77736834999999,-1.2174350750000007,picking
52.77730793333332,-1.217355283333334,picking
52.777247516666655,-1.2172754916666673,picking
52.777187099999985,-1.2171957000000007,picking
52.77711629999999,-1.2170753500000009,picking
52.77704549999999,-1.2169550000000011,picking
52.7770004875,-1.2168534125000008,picking
52.776955474999994,-1.2167518250000007,picking
52.7769104625,-1.2166502375000006,picking
52.77686545,-1.2165486500000002,picking
52.7768204375,-1.2164470625,picking
52.776775425000004,-1.2163454749999998,picking
52.7767304125,-1.2162438874999997,picking
52.776685400000005,-1.2161422999999993,picking
52.77664370000001,-1.2159567000000007,picking
52.77658200689656,-1.2160211241379317,picking
52.776520313793114,-1.2160855482758626,picking
52.77645862068966,-1.2161499724137936,picking
52.77639692758621,-1.2162143965517247,picking
52.776335234482765,-1.2162788206896558,picking
52.77627354137932,-1.2163432448275866,picking
52.77621184827587,-1.2164076689655177,picking
52.77615015517242,-1.2164720931034487,picking
52.77608846206897,-1.2165365172413798,picking
52.77602676896552,-1.2166009413793106,picking
52.775965075862075,-1.2166653655172417,picking
52.77590338275863,-1.2167297896551728,picking
52.775841689655174,-1.2167942137931036,picking
52.77577999655173,-1.2168586379310347,picking
52.77571830344828,-1.2169230620689657,picking
52.77565661034483,-1.2169874862068968,picking
52.77559491724138,-1.2170519103448276,picking
52.77553322413793,-1.2171163344827587,picking
52.77547153103448,-1.2171807586206898,picking
52.775409837931036,-1.2172451827586206,picking
52.77534814482759,-1.2173096068965517,picking
52.775286451724135,-1.2173740310344827,picking
52.77522475862069,-1.2174384551724138,picking
52.77516306551724,-1.2175028793103446,picking
52.77510137241379,-1.2175673034482757,picking
52.775039679310346,-1.2176317275862067,picking
52.77497798620689,-1.2176961517241378,picking
52.774916293103445,-1.2177605758620687,picking
52.7748546,-1.2178249999999997,picking
52.774801257142855,-1.2177171142857142,picking
52.77474791428571,-1.2176092285714286,picking
52.77469457142857,-1.217501342857143,picking
52.77464122857142,-1.2173934571428577,picking
52.774587885714276,-1.2172855714285722,picking
52.77453454285713,-1.2171776857142866,picking
52.77448119999999,-1.217069800000001,picking
52.774428114285705,-1.216973700000001,picking
52.77437502857142,-1.216877600000001,picking
52.774321942857135,-1.2167815000000008,picking
52.77426885714286,-1.2166854000000007,picking
52.77421577142857,-1.2165893000000005,picking
52.77416268571429,-1.2164932000000006,picking
52.7741096,-1.2163971000000005,picking
52.77404601875,-1.2164744500000004,picking
52.7739824375,-1.2165518000000004,picking
52.77391885625,-1.2166291500000004,picking
52.773855275,-1.2167065000000004,picking
52.77379169375,-1.2167838500000003,picking
52.7737281125,-1.2168612000000003,picking
52.77366453125,-1.2169385500000003,picking
52.77360095,-1.2170159000000003,picking
52.77353736875,-1.2170932500000002,picking
52.773473787499995,-1.2171706000000002,picking
52.77341020625,-1.2172479500000002,picking
52.773346624999995,-1.2173253000000002,picking
52.77328304375,-1.2174026500000001,picking
52.773219462499995,-1.2174800000000001,picking
52.77315588125,-1.21755735,picking
52.773092299999995,-1.2176347,picking
52.773037286666664,-1.2175453,picking
52.77298227333333,-1.2174559,picking
52.772927259999996,-1.2173665000000002,picking
52.77287224666666,-1.2172771000000002,picking
52.77281723333333,-1.2171877000000002,picking
52.77276222,-1.2170983000000002,picking
52.77270720666666,-1.2170089000000002,picking
52.77265219333333,-1.2169195000000004,picking
52.77259717999999,-1.2168301000000004,picking
52.77254216666666,-1.2167407000000003,picking
52.77248715333333,-1.2166513000000003,picking
52.77243213999999,-1.2165619000000003,picking
52.77237712666666,-1.2164725000000005,picking
52.772322113333324,-1.2163831000000005,picking
52.77226709999999,-1.2162937000000005,picking
52.77227227499999,-1.2161580000000005,picking
52.77227744999999,-1.2160223000000006,picking
52.772282624999995,-1.2158866000000006,picking
52.772287799999994,-1.2157509000000006,picking
52.77221267499999,-1.2157812250000004,picking
52.77213755,-1.2158115500000002,picking
52.772062424999994,-1.2158418750000002,picking
52.77198729999999,-1.2158722,picking
52.77192649999999,-1.2159463428571429,picking
52.77186569999999,-1.2160204857142858,picking
52.77180489999999,-1.2160946285714287,picking
52.77174409999999,-1.2161687714285718,picking
52.77168329999999,-1.2162429142857147,picking
52.77162249999999,-1.2163170571428576,picking
52.77156169999999,-1.2163912000000006,picking
52.77151043461538,-1.2162997807692313,picking
52.77145916923076,-1.216208361538462,picking
52.771407903846146,-1.2161169423076927,picking
52.77135663846153,-1.2160255230769235,picking
52.77130537307691,-1.2159341038461544,picking
52.7712541076923,-1.2158426846153851,picking
52.77120284230769,-1.2157512653846159,picking
52.77115157692307,-1.2156598461538466,picking
52.771100311538454,-1.2155684269230773,picking
52.77104904615384,-1.215477007692308,picking
52.77099778076922,-1.2153855884615388,picking
52.77094651538461,-1.2152941692307695,picking
52.770895249999995,-1.2152027500000004,picking
52.770843984615375,-1.2151113307692312,picking
52.77079271923076,-1.215019911538462,picking
52.77074145384614,-1.2149284923076926,picking
52.77069018846153,-1.2148370730769233,picking
52.770638923076916,-1.214745653846154,picking
52.770587657692296,-1.2146542346153848,picking
52.77053639230768,-1.2145628153846155,picking
52.77048512692307,-1.2144713961538462,picking
52.77043386153845,-1.2143799769230772,picking
52.77038259615384,-1.214288557692308,picking
52.770331330769224,-1.2141971384615386,picking
52.770280065384604,-1.2141057192307694,picking
52.77022879999999,-1.2140143,picking
52.77017215882352,-1.2141051647058825,picking
52.77011551764705,-1.2141960294117649,picking
52.77005887647058,-1.2142868941176472,picking
52.77000223529411,-1.2143777588235296,picking
52.769945594117644,-1.214468623529412,picking
52.76988895294117,-1.2145594882352944,picking
52.7698323117647,-1.2146503529411767,picking
52.76977567058823,-1.2147412176470591,picking
52.76971902941176,-1.2148320823529413,picking
52.76966238823529,-1.2149229470588236,picking
52.76960574705882,-1.215013811764706,picking
52.76954910588235,-1.2151046764705884,picking
52.769492464705884,-1.2151955411764708,picking
52.76943582352941,-1.2152864058823531,picking
52.76937918235294,-1.2153772705882355,picking
52.76932254117647,-1.215468135294118,picking
52.7692659,-1.2155590000000003,picking
52.76921745238095,-1.2154623571428573,picking
52.769169004761906,-1.2153657142857146,picking
52.769120557142855,-1.2152690714285717,picking
52.76907210952381,-1.2151724285714287,picking
52.76902366190476,-1.215075785714286,picking
52.76897521428572,-1.214979142857143,picking
52.76892676666667,-1.2148825,picking
52.768878319047616,-1.2147858571428574,picking
52.76882987142857,-1.2146892142857144,picking
52.76878142380952,-1.2145925714285715,picking
52.76873297619048,-1.2144959285714287,picking
52.76868452857143,-1.2143992857142858,picking
52.76863608095238,-1.2143026428571428,picking
52.76858763333333,-1.2142060000000001,picking
52.76853918571428,-1.2141093571428572,picking
52.76849073809524,-1.2140127142857142,picking
52.76844229047619,-1.2139160714285715,picking
52.768393842857144,-1.2138194285714285,picking
52.76834539523809,-1.2137227857142856,picking
52.76829694761905,-1.2136261428571429,picking
52.7682485,-1.2135295,delivering
52.768311170588234,-1.213457111764706,delivering
52.76837384117647,-1.2133847235294117,delivering
52.768436511764705,-1.2133123352941177,delivering
52.76849918235294,-1.2132399470588238,delivering
52.76856185294117,-1.2131675588235298,delivering
52.768624523529404,-1.2130951705882356,delivering
52.76868719411764,-1.2130227823529416,delivering
52.768749864705875,-1.2129503941176476,delivering
52.76881253529411,-1.2128780058823534,delivering
52.768875205882345,-1.2128056176470594,delivering
52.76893787647058,-1.2127332294117654,delivering
52.769000547058816,-1.2126608411764712,delivering
52.769063217647044,-1.2125884529411772,delivering
52.76912588823528,-1.2125160647058832,delivering
52.769188558823515,-1.2124436764705893,delivering
52.76925122941175,-1.212371288235295,delivering
52.769313899999986,-1.212298900000001,delivering
52.769280544117635,-1.212187455882354,delivering
52.76924718823528,-1.212076011764707,delivering
52.769213832352925,-1.2119645676470598,delivering
52.769180476470574,-1.2118531235294128,delivering
52.76914712058822,-1.2117416794117657,delivering
52.76911376470587,-1.2116302352941188,delivering
52.76908040882352,-1.2115187911764718,delivering
52.76904705294117,-1.2114073470588247,delivering
52.76901369705881,-1.2112959029411776,delivering
52.76898034117646,-1.2111844588235305,delivering
52.76894698529411,-1.2110730147058835,delivering
52.768913629411756,-1.2109615705882364,delivering
52.768880273529405,-1.2108501264705893,delivering
52.76884691764705,-1.2107386823529422,delivering
52.768813561764695,-1.2106272382352952,delivering
52.768780205882344,-1.210515794117648,delivering
52.76874684999999,-1.210404350000001,delivering
52.76871349411764,-1.2102929058823542,delivering
52.76868013823529,-1.210181461764707,delivering
52.76864678235293,-1.21007001764706,delivering
52.76861342647058,-1.209958573529413,delivering
52.76858007058823,-1.2098471294117659,delivering
52.76854671470588,-1.2097356852941188,delivering
52.768513358823526,-1.2096242411764717,delivering
52.768480002941175,-1.2095127970588246,delivering
52.768446647058816,-1.2094013529411776,delivering
52.768413291176465,-1.2092899088235305,delivering
52.768379935294114,-1.2091784647058834,delivering
52.76834657941176,-1.2090670205882366,delivering
52.76831322352941,-1.2089555764705895,delivering
52.76827986764706,-1.2088441323529424,delivering
52.7682465117647,-1.2087326882352953,delivering
52.76821315588235,-1.2086212441176483,delivering
52.7681798,-1.2085098000000012,delivering
52.768242349999994,-1.2084389166666678,delivering
52.7683049,-1.2083680333333346,delivering
52.76836745,-1.2082971500000013,delivering
52.768429999999995,-1.2082262666666679,delivering
52.76849254999999,-1.2081553833333347,delivering
52.76855509999999,-1.2080845000000013,delivering
52.76859307222222,-1.20798048888889,delivering
52.76863104444444,-1.207876477777779,delivering
52.768669016666664,-1.2077724666666678,delivering
52.76870698888888,-1.2076684555555568,delivering
52.7687449611111,-1.2075644444444456,delivering
52.76878293333333,-1.2074604333333343,delivering
52.76882090555555,-1.2073564222222233,delivering
52.768858877777774,-1.207252411111112,delivering
52.76889684999999,-1.2071484000000008,delivering
52.768934822222214,-1.2070443888888898,delivering
52.76897279444444,-1.2069403777777785,delivering
52.76901076666666,-1.2068363666666675,delivering
52.769048738888884,-1.2067323555555562,delivering
52.76908671111111,-1.206628344444445,delivering
52.76912468333333,-1.206524333333334,delivering
52.76916265555555,-1.2064203222222227,delivering
52.76920062777777,-1.2063163111111117,delivering
52.769238599999994,-1.2062123000000005,delivering
52.769264899999996,-1.2061586000000004,delivering
52.7693253,-1.2060840480000004,delivering
52.769385699999994,-1.2060094960000003,delivering
52.769446099999996,-1.2059349440000005,delivering
52.7695065,-1.2058603920000004,delivering
52.769566899999994,-1.2057858400000003,delivering
52.769627299999996,-1.2057112880000003,delivering
52.76968769999999,-1.2056367360000004,delivering
52.769748099999994,-1.2055621840000004,delivering
52.769808499999996,-1.2054876320000003,delivering
52.76986889999999,-1.2054130800000002,delivering
52.769929299999994,-1.2053385280000004,delivering
52.769989699999996,-1.2052639760000003,delivering
52.77005009999999,-1.2051894240000003,delivering
52.770110499999994,-1.2051148720000002,delivering
52.7701709,-1.2050403200000004,delivering
52.77023129999999,-1.2049657680000003,delivering
52.770291699999994,-1.2048912160000003,delivering
52.7703521,-1.2048166640000002,delivering
52.77041249999999,-1.2047421120000004,delivering
52.770472899999994,-1.2046675600000003,delivering
52.77053329999999,-1.2045930080000002,delivering
52.77059369999999,-1.2045184560000002,delivering
52.770654099999994,-1.2044439040000003,delivering
52.77071449999999,-1.2043693520000003,delivering
52.77077489999999,-1.2042948000000002,delivering
52.77070922499999,-1.2042124375,delivering
52.770643549999996,-1.2041300750000001,delivering
52.770577874999994,-1.2040477125,delivering
52.7705122,-1.2039653499999998,delivering
52.770446525,-1.2038829874999997,delivering
52.770380849999995,-1.2038006249999995,delivering
52.770315175,-1.2037182624999996,delivering
52.7702495,-1.2036358999999994,delivering
52.770173766666666,-1.203541433333333,delivering
52.77009803333333,-1.2034469666666663,delivering
52.7700223,-1.2033524999999998,delivering
52.76994599999999,-1.2032592499999997,delivering
52.76986969999999,-1.2031659999999995,delivering
52.76977509999998,-1.2030504000000004,delivering
52.7697124235294,-1.2029740588235298,delivering
52.76964974705881,-1.2028977176470592,delivering
52.76958707058822,-1.2028213764705888,delivering
52.76952439411763,-1.2027450352941182,delivering
52.76946171764705,-1.2026686941176477,delivering
52.769399041176456,-1.202592352941177,delivering
52.76933636470587,-1.2025160117647065,delivering
52.76927368823528,-1.2024396705882359,delivering
52.769211011764696,-1.2023633294117655,delivering
52.769148335294105,-1.202286988235295,delivering
52.76908565882352,-1.2022106470588243,delivering
52.76902298235293,-1.2021343058823537,delivering
52.768960305882345,-1.202057964705883,delivering
52.768897629411754,-1.2019816235294125,delivering
52.76883495294117,-1.2019052823529421,delivering
52.76877227647058,-1.2018289411764715,delivering
52.768709599999994,-1.201752600000001,delivering
52.76864698571428,-1.2016829285714294,delivering
52.76858437142857,-1.201613257142858,delivering
52.76852175714285,-1.2015435857142864,delivering
52.76845914285714,-1.2014739142857147,delivering
52.76839652857142,-1.2014042428571432,delivering
52.76833391428571,-1.2013345714285717,delivering
52.768271299999995,-1.2012649000000002,delivering
52.76820755999999,-1.2011993800000003,delivering
52.76814381999999,-1.2011338600000003,delivering
52.76808008,-1.2010683400000002,delivering
52.768016339999996,-1.2010028200000002,delivering
52.767952599999994,-1.2009373000000003,delivering
52.767885914999994,-1.2008751950000003,delivering
52.76781922999999,-1.2008130900000002,delivering
52.76775254499999,-1.2007509850000002,delivering
52.76768585999999,-1.2006888800000002,delivering
52.76761917499999,-1.2006267750000004,delivering
52.76755248999999,-1.2005646700000003,delivering
52.76748580499999,-1.2005025650000003,delivering
52.76741911999999,-1.2004404600000003,delivering
52.76735243499999,-1.2003783550000002,delivering
52.76728574999999,-1.2003162500000002,delivering
52.76721906499999,-1.2002541450000002,delivering
52.76715237999999,-1.2001920400000001,delivering
52.76708569499999,-1.200129935,delivering
52.76701900999999,-1.20006783,delivering
52.76695232499999,-1.200005725,delivering
52.76688563999999,-1.1999436200000002,delivering
52.76681895499999,-1.1998815150000002,delivering
52.76675226999999,-1.1998194100000001,delivering
52.76668558499999,-1.199757305,delivering
52.76661889999999,-1.1996952,delivering
52.76655260666666,-1.199635206666667,delivering
52.766486313333324,-1.1995752133333335,delivering
52.76642001999999,-1.1995152200000003,delivering
52.76635372666666,-1.199455226666667,delivering
52.766287433333325,-1.1993952333333338,delivering
52.76622113999999,-1.1993352400000006,delivering
52.76615484666666,-1.1992752466666672,delivering
52.766088553333326,-1.199215253333334,delivering
52.76602225999999,-1.1991552600000006,delivering
52.76595596666666,-1.1990952666666674,delivering
52.76588967333333,-1.1990352733333343,delivering
52.76582337999999,-1.1989752800000009,delivering
52.76575708666666,-1.1989152866666677,delivering
52.76569079333333,-1.1988552933333343,delivering
52.765624499999994,-1.1987953000000011,delivering
52.76555745333333,-1.1987353666666678,delivering
52.765490406666665,-1.1986754333333345,delivering
52.76542335999999,-1.1986155000000012,delivering
52.76535631333333,-1.1985555666666678,delivering
52.76528926666666,-1.1984956333333345,delivering
52.76522222,-1.1984357000000012,delivering
52.76515517333333,-1.198375766666668,delivering
52.76508812666666,-1.1983158333333344,delivering
52.76502108,-1.198255900000001,delivering
52.76495403333333,-1.1981959666666677,delivering
52.76488698666667,-1.1981360333333344,delivering
52.76481994,-1.198076100000001,delivering
52.76475289333333,-1.1980161666666678,delivering
52.764685846666666,-1.1979562333333345,delivering
52.7646188,-1.1978963000000011,delivering
52.76466158181818,-1.1977882454545465,delivering
52.76470436363637,-1.197680190909092,delivering
52.76474714545455,-1.1975721363636374,delivering
52.76478992727273,-1.1974640818181828,delivering
52.76483270909091,-1.1973560272727282,delivering
52.7648754909091,-1.1972479727272733,delivering
52.76491827272728,-1.1971399181818188,delivering
52.76496105454546,-1.1970318636363642,delivering
52.76500383636364,-1.1969238090909096,delivering
52.76504661818183,-1.196815754545455,delivering
52.76508940000001,-1.1967077000000004,delivering
52.7651605,-1.196537,delivering
52.76520745714286,-1.1964388571428572,delivering
52.765254414285714,-1.1963407142857145,delivering
52.76530137142857,-1.1962425714285718,delivering
52.76534832857142,-1.196144428571429,delivering
52.76539528571428,-1.1960462857142864,delivering
52.765442242857134,-1.1959481428571437,delivering
52.76548919999999,-1.195850000000001,delivering
52.76553412499999,-1.195748725000001,delivering
52.76557904999999,-1.1956474500000007,delivering
52.76562397499999,-1.1955461750000007,delivering
52.765668899999994,-1.1954449000000005,delivering
52.76571382499999,-1.1953436250000005,delivering
52.76575874999999,-1.1952423500000005,delivering
52.765803674999994,-1.1951410750000002,delivering
52.76584859999999,-1.1950398000000002,delivering
52.765893524999996,-1.194938525,delivering
52.76593844999999,-1.19483725,delivering
52.765983375,-1.1947359749999997,delivering
52.766028299999995,-1.1946346999999997,delivering
52.766075924999996,-1.194527125,delivering
52.766123549999996,-1.19441955,delivering
52.766171175,-1.1943119750000004,delivering
52.76621879999999,-1.1942044000000007,delivering
52.76626642499999,-1.1940968250000008,delivering
52.76631404999999,-1.1939892500000011,delivering
52.76636167499999,-1.1938816750000012,delivering
52.76640929999999,-1.1937741000000015,picking
52.76636167499999,-1.1938816750000012,picking
52.76631404999999,-1.1939892500000011,picking
52.76626642499999,-1.1940968250000008,picking
52.76621879999999,-1.1942044000000007,picking
52.766171175,-1.1943119750000004,picking
52.766123549999996,-1.19441955,picking
52.766075924999996,-1.194527125,picking
52.766028299999995,-1.1946346999999997,picking
52.765983375,-1.1947359749999997,picking
52.76593844999999,-1.19483725,picking
52.765893524999996,-1.194938525,picking
52.76584859999999,-1.1950398000000002,picking
52.765803674999994,-1.1951410750000002,picking
52.76575874999999,-1.1952423500000005,picking
52.76571382499999,-1.1953436250000005,picking
52.765668899999994,-1.1954449000000005,picking
52.76562397499999,-1.1955461750000007,picking
52.76557904999999,-1.1956474500000007,picking
52.76553412499999,-1.195748725000001,picking
52.76548919999999,-1.195850000000001,picking
52.765442242857134,-1.1959481428571437,picking
52.76539528571428,-1.1960462857142864,picking
52.76534832857142,-1.196144428571429,picking
52.76530137142857,-1.1962425714285718,picking
52.765254414285714,-1.1963407142857145,picking
52.76520745714286,-1.1964388571428572,picking
52.7651605,-1.196537,picking
52.76508940000001,-1.1967077000000004,picking
52.76504661818183,-1.196815754545455,picking
52.76500383636364,-1.1969238090909096,picking
52.76496105454546,-1.1970318636363642,picking
52.76491827272728,-1.1971399181818188,picking
52.7648754909091,-1.1972479727272733,picking
52.76483270909091,-1.1973560272727282,picking
52.76478992727273,-1.1974640818181828,picking
52.76474714545455,-1.1975721363636374,picking
52.76470436363637,-1.197680190909092,picking
52.76466158181818,-1.1977882454545465,picking
52.7646188,-1.1978963000000011,picking
52.7645468375,-1.197844912500001,picking
52.764474875,-1.197793525000001,picking
52.7644029125,-1.1977421375000008,picking
52.76433095,-1.197690750000001,picking
52.7642589875,-1.1976393625000008,picking
52.764187025,-1.1975879750000007,picking
52.7641150625,-1.1975365875000006,picking
52.764043099999995,-1.1974852000000005,picking
52.7639711375,-1.1974338125000004,picking
52.763899175,-1.1973824250000003,picking
52.7638272125,-1.1973310375000001,picking
52.763755249999996,-1.19727965,picking
52.763683287499994,-1.1972282625000001,picking
52.763611325,-1.197176875,picking
52.7635393625,-1.1971254875,picking
52.763467399999996,-1.1970740999999998,picking
52.763385375,-1.1970247749999998,picking
52.763303349999994,-1.19697545,picking
52.76322132499999,-1.196926125,picking
52.76313929999999,-1.1968768,picking
52.76304784999999,-1.1968254,picking
52.7629564,-1.196774,delivering
52.76287933333333,-1.196737588888889,delivering
52.76280226666666,-1.1967011777777778,delivering
52.7627252,-1.1966647666666668,delivering
52.76264813333333,-1.1966283555555557,delivering
52.76257106666666,-1.1965919444444446,delivering
52.76249399999999,-1.1965555333333335,delivering
52.76241693333333,-1.1965191222222225,delivering
52.76233986666666,-1.1964827111111114,delivering
52.76226279999999,-1.1964463000000003,delivering
52.76234653333332,-1.1965120000000002,delivering
52.762430266666655,-1.1965777,delivering
52.76251399999999,-1.1966434,delivering
52.76257238333332,-1.1967319,delivering
52.76263076666666,-1.1968204,delivering
52.76268914999999,-1.1969089000000002,delivering
52.762747533333325,-1.1969974000000003,delivering
52.762805916666665,-1.1970859000000003,delivering
52.7628643,-1.1971744000000004,delivering
52.7628333,-1.1973921000000012,delivering
52.76279945833333,-1.1975039250000012,delivering
52.76276561666666,-1.197615750000001,delivering
52.762731775,-1.1977275750000012,delivering
52.76269793333333,-1.197839400000001,delivering
52.762664091666664,-1.197951225000001,delivering
52.76263025,-1.198063050000001,delivering
52.76259640833333,-1.198174875000001,delivering
52.762562566666666,-1.1982867000000008,delivering
52.762528724999996,-1.1983985250000009,delivering
52.76249488333333,-1.1985103500000007,delivering
52.76246104166666,-1.1986221750000008,delivering
52.7624272,-1.1987340000000009,delivering
52.762393358333334,-1.1988458250000007,delivering
52.76235951666666,-1.1989576500000008,delivering
52.762325675,-1.1990694750000006,delivering
52.76229183333333,-1.1991813000000007,delivering
52.762257991666665,-1.1992931250000005,delivering
52.762224149999994,-1.1994049500000006,delivering
52.76219030833333,-1.1995167750000004,delivering
52.76215646666667,-1.1996286000000005,delivering
52.762122624999996,-1.1997404250000003,delivering
52.76208878333333,-1.1998522500000004,delivering
52.76205494166666,-1.1999640750000002,delivering
52.7620211,-1.2000759000000003,delivering
52.76198473636364,-1.2001944727272729,delivering
52.76194837272727,-1.2003130454545454,delivering
52.761912009090906,-1.200431618181818,delivering
52.761875645454545,-1.2005501909090905,delivering
52.76183928181818,-1.200668763636363,delivering
52.761802918181814,-1.2007873363636357,delivering
52.76176655454545,-1.2009059090909082,delivering
52.76173019090909,-1.2010244818181808,delivering
52.76169382727273,-1.2011430545454533,delivering
52.76165746363636,-1.201261627272726,delivering
52.7616211,-1.2013801999999985,delivering
52.76158645882353,-1.2014926999999986,delivering
52.76155181764706,-1.2016051999999986,delivering
52.76151717647059,-1.2017176999999988,delivering
52.76148253529412,-1.201830199999999,delivering
52.761447894117644,-1.201942699999999,delivering
52.761413252941175,-1.202055199999999,delivering
52.761378611764705,-1.2021676999999993,delivering
52.761343970588236,-1.2022801999999992,delivering
52.761309329411766,-1.2023926999999994,delivering
52.7612746882353,-1.2025051999999994,delivering
52.76124004705883,-1.2026176999999996,delivering
52.76120540588236,-1.2027301999999997,delivering
52.76117076470588,-1.2028426999999997,delivering
52.76113612352941,-1.2029552,delivering
52.76110148235294,-1.2030677,delivering
52.76106684117647,-1.2031802,delivering
52.7610322,-1.2032927000000002,delivering
52.7609949375,-1.2034171375000002,delivering
52.760957675,-1.2035415750000003,delivering
52.7609204125,-1.2036660125000003,delivering
52.76088315,-1.20379045,delivering
52.76084588749999,-1.2039148875,delivering
52.76080862499999,-1.204039325,delivering
52.76077136249999,-1.2041637625000001,delivering
52.760734099999986,-1.2042882000000001,delivering
52.76068619999999,-1.2043930363636366,delivering
52.76063829999999,-1.204497872727273,delivering
52.76059039999999,-1.2046027090909093,delivering
52.76054249999999,-1.2047075454545457,delivering
52.760494599999994,-1.2048123818181822,delivering
52.760446699999996,-1.2049172181818186,delivering
52.7603988,-1.205022054545455,delivering
52.7603509,-1.2051268909090915,delivering
52.760303,-1.2052317272727278,delivering
52.7602551,-1.2053365636363642,delivering
52.7602072,-1.2054414000000007,delivering
52.760281733333336,-1.2054677250000005,delivering
52.76035626666667,-1.2054940500000004,delivering
52.7604308,-1.2055203750000003,delivering
52.760505333333334,-1.2055467000000002,delivering
52.76057986666667,-1.205573025,delivering
52.7606544,-1.20559935,delivering
52.76072893333333,-1.205625675,delivering
52.760803466666665,-1.205652,delivering
52.760878,-1.2056783249999998,delivering
52.76095253333333,-1.2057046499999997,delivering
52.761027066666664,-1.2057309749999996,delivering
52.761101599999996,-1.2057572999999995,delivering
52.76117908,-1.2057681699999996,delivering
52.76125656,-1.2057790399999997,delivering
52.761334039999994,-1.2057899099999998,delivering
52.761411519999996,-1.2058007799999997,delivering
52.761489,-1.2058116499999998,delivering
52.76156648,-1.20582252,delivering
52.76164396,-1.20583339,delivering
52.761721439999995,-1.2058442600000001,delivering
52.76179892,-1.2058551300000002,delivering
52.7618764,-1.2058660000000003,delivering
52.76195388,-1.2058768700000002,delivering
52.76203136,-1.2058877400000003,delivering
52.762108839999996,-1.2058986100000004,delivering
52.76218632,-1.2059094800000005,delivering
52.7622638,-1.2059203500000006,delivering
52.76234128,-1.2059312200000007,delivering
52.76241876,-1.2059420900000006,delivering
52.76249624,-1.2059529600000007,delivering
52.76257372,-1.2059638300000008,delivering
52.7626512,-1.205974700000001,delivering
52.76273112142857,-1.2059801357142865,delivering
52.762811042857145,-1.2059855714285723,delivering
52.76289096428572,-1.205991007142858,delivering
52.76297088571429,-1.2059964428571435,delivering
52.76305080714286,-1.206001878571429,delivering
52.76313072857143,-1.2060073142857148,delivering
52.763210650000005,-1.2060127500000004,delivering
52.76329057142857,-1.206018185714286,delivering
52.76337049285714,-1.2060236214285718,delivering
52.763450414285714,-1.2060290571428574,delivering
52.763530335714286,-1.206034492857143,delivering
52.76361025714286,-1.2060399285714285,delivering
52.76369017857143,-1.2060453642857143,delivering
52.7637701,-1.2060507999999999,delivering
52.763844985714286,-1.2060632714285715,delivering
52.76391987142857,-1.2060757428571431,delivering
52.763994757142854,-1.2060882142857148,delivering
52.764069642857145,-1.2061006857142862,delivering
52.76414452857143,-1.2061131571428578,delivering
52.76421941428571,-1.2061256285714295,delivering
52.764294299999996,-1.206138100000001,delivering
52.76435425,-1.206219325000001,delivering
52.7644142,-1.206300550000001,delivering
52.76447415,-1.206381775000001,delivering
52.7645341,-1.206463000000001,delivering
52.76460055,-1.2065622000000005,delivering
52.764666999999996,-1.2066614000000002,delivering
52.764733449999994,-1.2067606,delivering
52.76479989999999,-1.2068597999999995,picking
52.7648580111111,-1.206941055555555,picking
52.76491612222221,-1.207022311111111,picking
52.76497423333333,-1.2071035666666665,picking
52.765032344444435,-1.2071848222222221,picking
52.765090455555544,-1.207266077777778,picking
52.76514856666665,-1.2073473333333335,picking
52.76520667777777,-1.2074285888888892,picking
52.76526478888888,-1.207509844444445,picking
52.76532289999999,-1.2075911000000006,picking
52.76538250833332,-1.2076748833333337,picking
52.765442116666655,-1.207758666666667,picking
52.76550172499999,-1.2078424500000002,picking
52.76556133333332,-1.2079262333333336,picking
52.765620941666654,-1.2080100166666667,picking
52.76568054999999,-1.2080937999999999,picking
52.76574015833333,-1.2081775833333332,picking
52.76579976666666,-1.2082613666666664,picking
52.76585937499999,-1.2083451499999998,picking
52.76591898333333,-1.208428933333333,picking
52.765978591666666,-1.2085127166666663,picking
52.7660382,-1.2085964999999994,picking
52.76611925,-1.2087096999999998,picking
52.7662003,-1.2088229000000001,picking
52.76627504,-1.2088555600000004,picking
52.76634978,-1.2088882200000004,picking
52.766424519999994,-1.2089208800000006,picking
52.766499259999996,-1.2089535400000007,picking
52.76657399999999,-1.208986200000001,picking
52.76665136666666,-1.2090170000000007,picking
52.76672873333333,-1.2090478000000007,picking
52.7668061,-1.2090786000000004,picking
52.76688346666666,-1.2091094000000002,picking
52.766960833333336,-1.2091402000000002,picking
52.7670382,-1.209171,picking
52.76714859999999,-1.2092330000000011,picking
52.76724959999999,-1.2092518000000005,picking
52.76735059999999,-1.2092706,picking
52.76741969999999,-1.2092072,picking
52.767488799999995,-1.2091438,picking
52.76755789999999,-1.2090804000000004,picking
52.767627,-1.2090170000000005,picking
52.767696099999995,-1.2089536000000005,picking
52.7677652,-1.2088902000000006,picking
52.7678343,-1.2088268000000006,picking
52.767903399999994,-1.2087634000000007,picking
52.7679725,-1.2087000000000008,picking
52.7680416,-1.208636600000001,picking
52.7681107,-1.2085732000000011,picking
52.7681798,-1.2085098000000012,picking
52.76821315588235,-1.2086212441176483,picking
52.7682465117647,-1.2087326882352953,picking
52.76827986764706,-1.2088441323529424,picking
52.76831322352941,-1.2089555764705895,picking
52.76834657941176,-1.2090670205882366,picking
52.768379935294114,-1.2091784647058834,picking
52.768413291176465,-1.2092899088235305,picking
52.768446647058816,-1.2094013529411776,picking
52.768480002941175,-1.2095127970588246,picking
52.768513358823526,-1.2096242411764717,picking
52.76854671470588,-1.2097356852941188,picking
52.76858007058823,-1.2098471294117659,picking
52.76861342647058,-1.209958573529413,picking
52.76864678235293,-1.21007001764706,picking
52.76868013823529,-1.210181461764707,picking
52.76871349411764,-1.2102929058823542,picking
52.76874684999999,-1.210404350000001,picking
52.768780205882344,-1.210515794117648,picking
52.768813561764695,-1.2106272382352952,picking
52.76884691764705,-1.2107386823529422,picking
52.768880273529405,-1.2108501264705893,picking
52.768913629411756,-1.2109615705882364,picking
52.76894698529411,-1.2110730147058835,picking
52.76898034117646,-1.2111844588235305,picking
52.76901369705881,-1.2112959029411776,picking
52.76904705294117,-1.2114073470588247,picking
52.76908040882352,-1.2115187911764718,picking
52.76911376470587,-1.2116302352941188,picking
52.76914712058822,-1.2117416794117657,picking
52.769180476470574,-1.2118531235294128,picking
52.769213832352925,-1.2119645676470598,picking
52.76924718823528,-1.212076011764707,picking
52.769280544117635,-1.212187455882354,picking
52.769313899999986,-1.212298900000001,picking
52.769379912499986,-1.2122224875000007,picking
52.769445924999985,-1.2121460750000006,picking
52.769511937499985,-1.2120696625000003,picking
52.769577949999984,-1.21199325,picking
52.76964396249999,-1.2119168374999998,picking
52.76970997499999,-1.2118404249999994,picking
52.76977598749999,-1.2117640124999993,picking
52.76984199999999,-1.211687599999999,picking
52.76988538823528,-1.211791211764705,picking
52.76992877647058,-1.211894823529411,picking
52.76997216470587,-1.2119984352941169,picking
52.77001555294117,-1.2121020470588229,picking
52.77005894117646,-1.2122056588235288,picking
52.77010232941175,-1.2123092705882348,picking
52.77014571764705,-1.2124128823529408,picking
52.77018910588234,-1.2125164941176467,picking
52.770232494117636,-1.2126201058823527,picking
52.77027588235293,-1.2127237176470587,picking
52.770319270588224,-1.2128273294117646,picking
52.770362658823515,-1.2129309411764706,picking
52.770406047058806,-1.2130345529411766,picking
52.770449435294104,-1.2131381647058825,picking
52.770492823529395,-1.2132417764705885,picking
52.77053621176469,-1.2133453882352945,picking
52.770579599999984,-1.2134490000000004,picking
52.77065365,-1.21332925,picking
52.77072770000001,-1.2132094999999994,picking
52.770777800000005,-1.2133112833333326,picking
52.77082790000001,-1.213413066666666,picking
52.77087800000001,-1.2135148499999993,picking
52.770928100000006,-1.2136166333333325,picking
52.7709782,-1.213718416666666,picking
52.771028300000005,-1.2138201999999991,picking
52.77108115714286,-1.213927485714285,picking
52.77113401428572,-1.2140347714285709,picking
52.771186871428576,-1.2141420571428567,picking
52.77123972857143,-1.2142493428571426,picking
52.771292585714285,-1.2143566285714285,picking
52.77134544285715,-1.2144639142857143,picking
52.7713983,-1.2145712000000002,picking
52.771443607692305,-1.2146712769230772,picking
52.771488915384616,-1.214771353846154,picking
52.77153422307692,-1.214871430769231,picking
52.77157953076923,-1.2149715076923078,picking
52.771624838461534,-1.2150715846153848,picking
52.771670146153845,-1.2151716615384616,picking
52.77171545384615,-1.2152717384615386,picking
52.77176076153846,-1.2153718153846154,picking
52.77180606923076,-1.2154718923076924,picking
52.771851376923074,-1.2155719692307692,picking
52.77189668461538,-1.2156720461538462,picking
52.77194199230769,-1.215772123076923,picking
52.77198729999999,-1.2158722,picking
52.772062424999994,-1.2158418750000002,picking
52.77213755,-1.2158115500000002,picking
52.77221267499999,-1.2157812250000004,picking
52.772287799999994,-1.2157509000000006,picking
52.772298,-1.2155501999999994,picking
52.772307033333334,-1.215410083333333,picking
52.77231606666666,-1.2152699666666664,picking
52.77232509999999,-1.21512985,picking
52.772334133333324,-1.2149897333333337,picking
52.77234316666666,-1.2148496166666671,picking
52.772352199999986,-1.2147095000000008,delivering
52.772362759999986,-1.2145779200000006,delivering
52.772373319999986,-1.2144463400000005,delivering
52.77238387999999,-1.2143147600000004,delivering
52.77239443999999,-1.2141831800000003,delivering
52.77240499999999,-1.2140516000000001,delivering
52.77241199999999,-1.2139196500000002,delivering
52.77241899999999,-1.2137877000000004,delivering
52.772425999999996,-1.2136557500000005,delivering
52.77243299999999,-1.2135238000000006,delivering
52.77243623333333,-1.213376166666667,delivering
52.77243946666667,-1.213228533333333,delivering
52.772442700000006,-1.2130808999999994,delivering
52.77250423793104,-1.2130115724137924,delivering
52.77256577586208,-1.2129422448275857,delivering
52.77262731379311,-1.2128729172413788,delivering
52.77268885172414,-1.2128035896551719,delivering
52.77275038965518,-1.2127342620689652,delivering
52.77281192758621,-1.2126649344827582,delivering
52.77287346551724,-1.2125956068965513,delivering
52.77293500344828,-1.2125262793103444,delivering
52.772996541379314,-1.2124569517241377,delivering
52.773058079310346,-1.2123876241379308,delivering
52.773119617241385,-1.2123182965517239,delivering
52.773181155172416,-1.2122489689655171,delivering
52.77324269310345,-1.2121796413793102,delivering
52.77330423103449,-1.2121103137931033,delivering
52.77336576896552,-1.2120409862068966,delivering
52.77342730689656,-1.2119716586206897,delivering
52.77348884482759,-1.2119023310344827,delivering
52.77355038275862,-1.211833003448276,delivering
52.77361192068966,-1.2117636758620691,delivering
52.77367345862069,-1.2116943482758622,delivering
52.773734996551724,-1.2116250206896555,delivering
52.77379653448276,-1.2115556931034486,delivering
52.773858072413795,-1.2114863655172416,delivering
52.77391961034483,-1.2114170379310347,delivering
52.773981148275865,-1.211347710344828,delivering
52.7740426862069,-1.211278382758621,delivering
52.77410422413793,-1.2112090551724142,delivering
52.77416576206897,-1.2111397275862075,delivering
52.7742273,-1.2110704000000005,delivering
52.7742964,-1.2109821000000007,delivering
52.77428966,-1.2108564200000005,delivering
52.774282920000005,-1.2107307400000002,delivering
52.77427618,-1.2106050599999998,delivering
52.774269440000005,-1.2104793799999995,delivering
52.77426270000001,-1.2103536999999993,delivering
52.774300800000006,-1.2102342999999995,delivering
52.774338900000004,-1.2101148999999998,delivering
52.77437700000001,-1.2099955000000002,delivering
52.774415100000006,-1.2098761000000005,delivering
52.7744216,-1.2098313000000007,delivering
52.77444610833333,-1.2097050916666672,delivering
52.77447061666666,-1.2095788833333339,delivering
52.774495124999994,-1.2094526750000003,delivering
52.77451963333333,-1.209326466666667,delivering
52.77454414166666,-1.2092002583333334,delivering
52.77456864999999,-1.20907405,delivering
52.774593158333325,-1.2089478416666666,delivering
52.77461766666666,-1.208821633333333,delivering
52.77464217499999,-1.2086954249999997,delivering
52.77466668333332,-1.2085692166666662,delivering
52.774691191666655,-1.2084430083333328,delivering
52.77471569999999,-1.2083167999999993,delivering
52.77473993333332,-1.2081802,delivering
52.77476416666666,-1.2080436000000006,delivering
52.77478839999999,-1.2079070000000012,delivering
52.77483699999999,-1.2076860000000007,delivering
52.77485689166666,-1.2075618000000006,delivering
52.774876783333326,-1.2074376000000007,delivering
52.774896674999994,-1.2073134000000005,delivering
52.77491656666666,-1.2071892000000004,delivering
52.77493645833333,-1.2070650000000005,delivering
52.77495635,-1.2069408000000004,delivering
52.77497624166666,-1.2068166000000002,delivering
52.774996133333325,-1.2066924000000003,delivering
52.77501602499999,-1.2065682000000002,delivering
52.77503591666666,-1.206444,delivering
52.77505580833333,-1.2063198000000002,delivering
52.775075699999995,-1.2061956,delivering
52.77502984615384,-1.2061077576923078,delivering
52.77498399230769,-1.2060199153846154,delivering
52.774938138461536,-1.205932073076923,delivering
52.77489228461538,-1.2058442307692308,delivering
52.77484643076923,-1.2057563884615385,delivering
52.77480057692308,-1.205668546153846,delivering
52.77475472307692,-1.2055807038461537,delivering
52.774708869230764,-1.2054928615384615,delivering
52.77466301538461,-1.2054050192307693,delivering
52.77461716153846,-1.2053171769230768,delivering
52.774571307692305,-1.2052293346153844,delivering
52.77452545384615,-1.2051414923076922,delivering
52.7744796,-1.20505365,delivering
52.774433746153846,-1.2049658076923075,delivering
52.77438789230769,-1.2048779653846153,delivering
52.77434203846154,-1.204790123076923,delivering
52.77429618461539,-1.2047022807692307,delivering
52.774250330769235,-1.2046144384615383,delivering
52.77420447692308,-1.2045265961538458,delivering
52.77415862307692,-1.2044387538461536,delivering
52.77411276923077,-1.2043509115384614,delivering
52.774066915384616,-1.204263069230769,delivering
52.77402106153846,-1.2041752269230765,delivering
52.77397520769231,-1.2040873846153843,delivering
52.77392935384616,-1.2039995423076921,delivering
52.773883500000004,-1.2039116999999997,delivering
52.773908750000004,-1.2037854499999998,delivering
52.773934000000004,-1.2036591999999997,delivering
52.773959250000004,-1.2035329499999996,delivering
52.7739845,-1.2034066999999997,delivering
52.77400975,-1.2032804499999998,delivering
52.774035,-1.2031541999999997,delivering
52.774109499999994,-1.2030955374999996,delivering
52.77418399999999,-1.2030368749999996,delivering
52.774258499999995,-1.2029782124999995,delivering
52.77433299999999,-1.2029195499999994,delivering
52.77440749999999,-1.2028608874999995,delivering
52.77448199999999,-1.2028022249999994,delivering
52.77455649999999,-1.2027435624999994,delivering
52.774630999999985,-1.2026848999999993,delivering
52.774626754545444,-1.2025615181818177,delivering
52.7746225090909,-1.2024381363636358,delivering
52.774618263636356,-1.2023147545454542,delivering
52.77461401818181,-1.2021913727272726,delivering
52.77460977272727,-1.202067990909091,delivering
52.77460552727272,-1.2019446090909092,delivering
52.77460128181818,-1.2018212272727276,delivering
52.77459703636363,-1.201697845454546,delivering
52.77459279090909,-1.2015744636363643,delivering
52.77458854545454,-1.2014510818181825,delivering
52.7745843,-1.2013277000000009,delivering
52.774636025,-1.2012272083333342,delivering
52.77468775,-1.2011267166666675,delivering
52.774739475000004,-1.2010262250000008,delivering
52.7747912,-1.200925733333334,delivering
52.774842925,-1.2008252416666674,delivering
52.77489465,-1.2007247500000005,delivering
52.774946375,-1.2006242583333337,delivering
52.7749981,-1.200523766666667,delivering
52.775049824999996,-1.2004232750000003,delivering
52.77510155,-1.2003227833333336,delivering
52.775153275,-1.200222291666667,delivering
52.775205,-1.2001218000000002,delivering
52.775147499999996,-1.2000365714285717,delivering
52.77509,-1.199951342857143,delivering
52.775032499999995,-1.1998661142857145,delivering
52.774975,-1.1997808857142858,delivering
52.774917499999994,-1.1996956571428572,delivering
52.77486,-1.1996104285714286,delivering
52.77480249999999,-1.1995252,delivering
52.7748685,-1.1994001499999998,delivering
52.7749345,-1.1992750999999993,delivering
52.774877964285714,-1.1991883499999993,delivering
52.77482142857143,-1.1991015999999994,delivering
52.77476489285714,-1.1990148499999997,delivering
52.774708357142856,-1.1989280999999998,delivering
52.77465182142857,-1.19884135,delivering
52.774595285714284,-1.1987546,delivering
52.77453875,-1.19866785,delivering
52.77448221428571,-1.1985811000000004,delivering
52.774425678571426,-1.1984943500000005,delivering
52.77436914285714,-1.1984076000000006,delivering
52.77431260714285,-1.1983208500000007,delivering
52.77425607142857,-1.198234100000001,delivering
52.77419953571428,-1.198147350000001,delivering
52.774142999999995,-1.1980606000000011,delivering
52.774089999999994,-1.197971257142858,delivering
52.774037,-1.1978819142857149,delivering
52.773984,-1.1977925714285718,delivering
52.773931,-1.1977032285714284,delivering
52.773877999999996,-1.1976138857142853,delivering
52.773825,-1.1975245428571422,delivering
52.773772,-1.197435199999999,delivering
52.77370753,-1.1975161599999993,delivering
52.77364306,-1.1975971199999993,delivering
52.77357859,-1.1976780799999995,delivering
52.773514119999994,-1.1977590399999998,delivering
52.773449649999996,-1.1978399999999998,delivering
52.77338518,-1.19792096,delivering
52.77332070999999,-1.1980019200000003,delivering
52.773256239999995,-1.1980828800000005,delivering
52.77319176999999,-1.1981638400000005,delivering
52.77312729999999,-1.1982448000000008,delivering
52.77307301999999,-1.198127720000001,delivering
52.77301873999999,-1.1980106400000008,delivering
52.77296446,-1.197893560000001,delivering
52.77291018,-1.1977764800000008,delivering
52.772855899999996,-1.197659400000001,delivering
52.77281783333333,-1.1975214666666671,delivering
52.77277976666666,-1.1973835333333334,delivering
52.77274169999999,-1.1972455999999996,delivering
52.772660633333324,-1.1972633666666668,delivering
52.772579566666664,-1.197281133333334,delivering
52.7724985,-1.1972989000000012,delivering
52.7724815,-1.1970805000000007,delivering
52.772475963157895,-1.1969515736842111,delivering
52.772470426315785,-1.1968226473684218,delivering
52.77246488947368,-1.1966937210526323,delivering
52.77245935263157,-1.1965647947368427,delivering
52.77245381578947,-1.1964358684210532,delivering
52.77244827894736,-1.196306942105264,delivering
52.772442742105255,-1.1961780157894744,delivering
52.77243720526315,-1.1960490894736848,delivering
52.77243166842104,-1.1959201631578953,delivering
52.77242613157894,-1.195791236842106,delivering
52.77242059473683,-1.1956623105263164,delivering
52.772415057894726,-1.195533384210527,delivering
52.77240952105262,-1.1954044578947374,delivering
52.77240398421051,-1.195275531578948,delivering
52.77239844736841,-1.1951466052631585,delivering
52.7723929105263,-1.195017678947369,delivering
52.7723873736842,-1.1948887526315795,delivering
52.77238183684209,-1.1947598263157901,delivering
52.77237629999998,-1.1946309000000006,delivering
52.77234916666665,-1.1945108500000008,delivering
52.77232203333332,-1.194390800000001,delivering
52.772294899999984,-1.1942707500000012,delivering
52.77226776666665,-1.1941507000000013,delivering
52.77224063333332,-1.1940306500000015,delivering
52.772213499999985,-1.1939106000000017,delivering
52.77215825999999,-1.1938268600000015,delivering
52.77210301999999,-1.1937431200000013,delivering
52.772047779999994,-1.193659380000001,delivering
52.77199253999999,-1.1935756400000008,delivering
52.7719373,-1.1934919000000006,delivering
52.77188206,-1.1934081600000002,delivering
52.77182682,-1.19332442,delivering
52.77177158000001,-1.1932406799999997,delivering
52.771716340000005,-1.1931569399999995,delivering
52.77166110000001,-1.1930731999999993,delivering
52.77160920000001,-1.1931681444444437,delivering
52.771557300000005,-1.1932630888888882,delivering
52.7715054,-1.193358033333333,delivering
52.7714535,-1.1934529777777774,delivering
52.771401600000004,-1.1935479222222218,delivering
52.7713497,-1.1936428666666663,delivering
52.7712978,-1.193737811111111,delivering
52.7712459,-1.1938327555555555,delivering
52.771193999999994,-1.1939277,delivering
52.77114266666666,-1.1940202000000004,delivering
52.77109133333333,-1.194112700000001,delivering
52.77104,-1.1942052000000014,delivering
52.770985075,-1.1943029625000012,delivering
52.77093015,-1.1944007250000008,delivering
52.770875225,-1.1944984875000006,delivering
52.7708203,-1.1945962500000005,delivering
52.770765375,-1.1946940125,delivering
52.77071045,-1.194791775,delivering
52.770655525,-1.1948895374999995,delivering
52.7706006,-1.1949872999999993,delivering
52.77067116,-1.1950267199999993,delivering
52.770741720000004,-1.1950661399999993,delivering
52.77081228,-1.1951055599999993,delivering
52.77088284,-1.1951449799999994,delivering
52.770953399999996,-1.1951843999999991,delivering
52.77102396,-1.1952238199999992,delivering
52.77109452,-1.1952632399999992,delivering
52.771165079999996,-1.1953026599999992,delivering
52.77123564,-1.1953420799999992,delivering
52.7713062,-1.1953814999999992,delivering
52.771304099999995,-1.1951769000000012,picking
52.7713062,-1.1953814999999992,picking
52.77123564,-1.1953420799999992,picking
52.771165079999996,-1.1953026599999992,picking
52.77109452,-1.1952632399999992,picking
52.77102396,-1.1952238199999992,picking
52.770953399999996,-1.1951843999999991,picking
52.77088284,-1.1951449799999994,picking
52.77081228,-1.1951055599999993,picking
52.770741720000004,-1.1950661399999993,picking
52.77067116,-1.1950267199999993,picking
52.7706006,-1.1949872999999993,picking
52.770655525,-1.1948895374999995,picking
52.77071045,-1.194791775,picking
52.770765375,-1.1946940125,picking
52.7708203,-1.1945962500000005,picking
52.770875225,-1.1944984875000006,picking
52.77093015,-1.1944007250000008,picking
52.770985075,-1.1943029625000012,picking
52.77104,-1.1942052000000014,picking
52.77109133333333,-1.194112700000001,picking
52.77114266666666,-1.1940202000000004,picking
52.771193999999994,-1.1939277,picking
52.7712459,-1.1938327555555555,picking
52.7712978,-1.193737811111111,picking
52.7713497,-1.1936428666666663,picking
52.771401600000004,-1.1935479222222218,picking
52.7714535,-1.1934529777777774,picking
52.7715054,-1.193358033333333,picking
52.771557300000005,-1.1932630888888882,picking
52.77160920000001,-1.1931681444444437,picking
52.77166110000001,-1.1930731999999993,picking
52.771716340000005,-1.1931569399999995,picking
52.77177158000001,-1.1932406799999997,picking
52.77182682,-1.19332442,picking
52.77188206,-1.1934081600000002,picking
52.7719373,-1.1934919000000006,picking
52.77199253999999,-1.1935756400000008,picking
52.772047779999994,-1.193659380000001,picking
52.77210301999999,-1.1937431200000013,picking
52.77215825999999,-1.1938268600000015,picking
52.772213499999985,-1.1939106000000017,picking
52.77224063333332,-1.1940306500000015,picking
52.77226776666665,-1.1941507000000013,picking
52.772294899999984,-1.1942707500000012,picking
52.77232203333332,-1.194390800000001,picking
52.77234916666665,-1.1945108500000008,picking
52.77237629999998,-1.1946309000000006,picking
52.77238183684209,-1.1947598263157901,picking
52.7723873736842,-1.1948887526315795,picking
52.7723929105263,-1.195017678947369,picking
52.77239844736841,-1.1951466052631585,picking
52.77240398421051,-1.195275531578948,picking
52.77240952105262,-1.1954044578947374,picking
52.772415057894726,-1.195533384210527,picking
52.77242059473683,-1.1956623105263164,picking
52.77242613157894,-1.195791236842106,picking
52.77243166842104,-1.1959201631578953,picking
52.77243720526315,-1.1960490894736848,picking
52.772442742105255,-1.1961780157894744,picking
52.77244827894736,-1.196306942105264,picking
52.77245381578947,-1.1964358684210532,picking
52.77245935263157,-1.1965647947368427,picking
52.77246488947368,-1.1966937210526323,picking
52.772470426315785,-1.1968226473684218,picking
52.772475963157895,-1.1969515736842111,picking
52.7724815,-1.1970805000000007,picking
52.7724985,-1.1972989000000012,picking
52.772579566666664,-1.197281133333334,picking
52.772660633333324,-1.1972633666666668,picking
52.77274169999999,-1.1972455999999996,picking
52.77281489411764,-1.1972087941176466,picking
52.772888088235284,-1.1971719882352938,picking
52.77296128235293,-1.1971351823529408,picking
52.77303447647058,-1.1970983764705878,picking
52.77310767058823,-1.1970615705882348,picking
52.77318086470588,-1.197024764705882,picking
52.773254058823525,-1.196987958823529,picking
52.77332725294117,-1.196951152941176,picking
52.77340044705882,-1.1969143470588233,picking
52.773473641176466,-1.1968775411764703,picking
52.77354683529411,-1.1968407352941173,picking
52.77362002941176,-1.1968039294117645,picking
52.77369322352941,-1.1967671235294115,picking
52.77376641764706,-1.1967303176470585,picking
52.77383961176471,-1.1966935117647055,picking
52.773912805882354,-1.1966567058823527,picking
52.773986,-1.1966198999999997,picking
52.774047741666664,-1.196700633333333,picking
52.77410948333333,-1.1967813666666665,picking
52.774171224999996,-1.1968620999999997,picking
52.774232966666666,-1.196942833333333,picking
52.77429470833333,-1.1970235666666664,picking
52.77435645,-1.1971042999999997,picking
52.77441819166666,-1.197185033333333,picking
52.774479933333325,-1.1972657666666664,picking
52.774541674999995,-1.1973464999999996,picking
52.77460341666666,-1.197427233333333,picking
52.77466515833333,-1.1975079666666664,picking
52.77472689999999,-1.1975886999999996,picking
52.774784354545446,-1.1976730181818178,picking
52.7748418090909,-1.1977573363636362,picking
52.77489926363636,-1.1978416545454544,picking
52.77495671818181,-1.1979259727272726,picking
52.77501417272727,-1.1980102909090908,picking
52.77507162727272,-1.1980946090909093,picking
52.77512908181818,-1.1981789272727275,picking
52.775186536363634,-1.1982632454545457,picking
52.77524399090909,-1.1983475636363639,picking
52.775301445454545,-1.1984318818181823,picking
52.7753589,-1.1985162000000005,picking
52.77541512857143,-1.198603328571429,picking
52.775471357142855,-1.1986904571428576,picking
52.775527585714286,-1.1987775857142862,picking
52.77558381428571,-1.198864714285715,picking
52.77564004285714,-1.1989518428571435,picking
52.775696271428565,-1.199038971428572,picking
52.775752499999996,-1.1991261000000006,picking
52.77580474,-1.1990346000000003,picking
52.77585698,-1.1989431000000002,picking
52.775909219999996,-1.1988515999999998,picking
52.77596146,-1.1987600999999997,picking
52.7760137,-1.1986685999999993,picking
52.776034247058824,-1.1987935647058818,picking
52.77605479411765,-1.1989185294117641,picking
52.77607534117647,-1.1990434941176467,picking
52.7760958882353,-1.1991684588235292,picking
52.776116435294114,-1.1992934235294115,picking
52.77613698235294,-1.199418388235294,picking
52.77615752941176,-1.1995433529411765,picking
52.776178076470586,-1.1996683176470588,picking
52.77619862352941,-1.1997932823529414,picking
52.776219170588234,-1.1999182470588237,picking
52.77623971764706,-1.2000432117647062,picking
52.77626026470588,-1.2001681764705887,picking
52.7762808117647,-1.200293141176471,picking
52.776301358823524,-1.2004181058823535,picking
52.77632190588235,-1.200543070588236,picking
52.77634245294117,-1.2006680352941184,picking
52.776362999999996,-1.2007930000000009,picking
52.7763784090909,-1.200917818181819,picking
52.776393818181816,-1.2010426363636373,picking
52.77640922727272,-1.2011674545454554,picking
52.77642463636363,-1.2012922727272735,picking
52.77644004545454,-1.2014170909090918,picking
52.77645545454545,-1.2015419090909099,picking
52.77647086363636,-1.2016667272727282,picking
52.77648627272727,-1.2017915454545463,picking
52.776501681818175,-1.2019163636363643,picking
52.77651709090909,-1.2020411818181826,picking
52.776532499999995,-1.2021660000000007,picking
52.776510249999994,-1.2023142500000006,picking
52.77648799999999,-1.2024625000000004,picking
52.776448537499995,-1.2025788250000002,picking
52.776409075,-1.2026951500000003,picking
52.7763696125,-1.202811475,picking
52.77633015,-1.2029277999999999,picking
52.7762906875,-1.203044125,picking
52.776251225,-1.2031604499999997,picking
52.776211762500004,-1.2032767749999997,picking
52.776172300000006,-1.2033930999999995,picking
52.77613388888889,-1.203513944444444,picking
52.77609547777778,-1.2036347888888885,picking
52.77605706666667,-1.203755633333333,picking
52.77601865555555,-1.2038764777777775,picking
52.77598024444444,-1.203997322222222,picking
52.77594183333333,-1.2041181666666665,picking
52.775903422222214,-1.204239011111111,picking
52.7758650111111,-1.2043598555555555,picking
52.77582659999999,-1.2044807,picking
52.77578357499999,-1.2045964125,picking
52.775740549999995,-1.204712125,picking
52.77569752499999,-1.2048278374999999,picking
52.775654499999995,-1.2049435499999999,picking
52.775611475,-1.2050592625,picking
52.775568449999994,-1.205174975,picking
52.775525425,-1.2052906875,picking
52.7754824,-1.2054064,picking
52.7754315625,-1.20550505,picking
52.775380725,-1.2056037,picking
52.7753298875,-1.20570235,picking
52.775279049999995,-1.2058010000000001,picking
52.7752282125,-1.20589965,picking
52.775177375,-1.2059983,picking
52.77512653749999,-1.20609695,picking
52.775075699999995,-1.2061956,picking
52.77505580833333,-1.2063198000000002,picking
52.77503591666666,-1.206444,picking
52.77501602499999,-1.2065682000000002,picking
52.774996133333325,-1.2066924000000003,picking
52.77497624166666,-1.2068166000000002,picking
52.77495635,-1.2069408000000004,picking
52.77493645833333,-1.2070650000000005,picking
52.77491656666666,-1.2071892000000004,picking
52.774896674999994,-1.2073134000000005,picking
52.774876783333326,-1.2074376000000007,picking
52.77485689166666,-1.2075618000000006,picking
52.77483699999999,-1.2076860000000007,picking
52.77478839999999,-1.2079070000000012,delivering
52.77476416666666,-1.2080436000000006,delivering
52.77473993333332,-1.2081802,delivering
52.77471569999999,-1.2083167999999993,delivering
52.774691191666655,-1.2084430083333328,delivering
52.77466668333332,-1.2085692166666662,delivering
52.77464217499999,-1.2086954249999997,delivering
52.77461766666666,-1.208821633333333,delivering
52.774593158333325,-1.2089478416666666,delivering
52.77456864999999,-1.20907405,delivering
52.77454414166666,-1.2092002583333334,delivering
52.77451963333333,-1.209326466666667,delivering
52.774495124999994,-1.2094526750000003,delivering
52.77447061666666,-1.2095788833333339,delivering
52.77444610833333,-1.2097050916666672,delivering
52.7744216,-1.2098313000000007,delivering
52.774415100000006,-1.2098761000000005,delivering
52.774353225,-1.2099689250000005,delivering
52.77429135,-1.2100617500000006,delivering
52.774229475,-1.2101545750000007,delivering
52.77416759999999,-1.2102474000000008,delivering
52.77411825,-1.2103607000000007,delivering
52.7740689,-1.210474000000001,delivering
52.77404009999999,-1.210634000000001,delivering
52.77408689999999,-1.210743100000001,delivering
52.77413369999999,-1.2108522000000008,delivering
52.7741805,-1.2109613000000006,delivering
52.7742273,-1.2110704000000005,delivering
52.7742896,-1.2111645000000006,delivering
52.7743519,-1.2112586000000007,delivering
52.7744142,-1.211352700000001,delivering
52.7744765,-1.2114468000000012,delivering
52.7745388,-1.2115409000000013,delivering
52.774597766666666,-1.211626200000001,delivering
52.77465673333334,-1.2117115000000007,delivering
52.7747157,-1.2117968000000006,delivering
52.774774666666666,-1.2118821000000004,delivering
52.77483363333334,-1.2119674,delivering
52.7748926,-1.2120526999999999,delivering
52.7749523,-1.2121301142857144,delivering
52.775012000000004,-1.2122075285714287,delivering
52.775071700000005,-1.2122849428571432,delivering
52.7751314,-1.2123623571428574,delivering
52.7751911,-1.212439771428572,delivering
52.7752508,-1.2125171857142862,delivering
52.7753105,-1.2125946000000007,delivering
52.7753553,-1.2127080875000007,delivering
52.7754001,-1.2128215750000004,delivering
52.7754449,-1.2129350625000004,delivering
52.775489699999994,-1.2130485500000003,delivering
52.7755345,-1.2131620375,delivering
52.7755793,-1.213275525,delivering
52.775624099999995,-1.2133890124999998,delivering
52.77566889999999,-1.2135024999999997,delivering
52.77571361999999,-1.2136253799999999,delivering
52.775758339999996,-1.21374826,delivering
52.775803059999994,-1.21387114,delivering
52.77584778,-1.2139940200000001,delivering
52.7758925,-1.2141169000000003,delivering
52.775943299999994,-1.2142166285714289,delivering
52.7759941,-1.2143163571428577,delivering
52.776044899999995,-1.2144160857142863,delivering
52.77609569999999,-1.214515814285715,delivering
52.77614649999999,-1.2146155428571437,delivering
52.77619729999999,-1.2147152714285725,delivering
52.77624809999999,-1.214815000000001,delivering
52.77629307999999,-1.2149140800000007,delivering
52.77633805999999,-1.2150131600000005,delivering
52.77638303999999,-1.21511224,delivering
52.77642802,-1.2152113199999999,delivering
52.776472999999996,-1.2153103999999995,delivering
52.77650714,-1.2154396599999997,delivering
52.776541280000004,-1.21556892,delivering
52.77657542,-1.2156981800000002,delivering
52.776609560000004,-1.2158274400000004,delivering
52.77664370000001,-1.2159567000000007,delivering
52.776685400000005,-1.2161422999999993,delivering
52.7767304125,-1.2162438874999997,delivering
52.776775425000004,-1.2163454749999998,delivering
52.7768204375,-1.2164470625,delivering
52.77686545,-1.2165486500000002,delivering
52.7769104625,-1.2166502375000006,delivering
52.776955474999994,-1.2167518250000007,delivering
52.7770004875,-1.2168534125000008,delivering
52.77704549999999,-1.2169550000000011,delivering
52.77711629999999,-1.2170753500000009,delivering
52.777187099999985,-1.2171957000000007,delivering
52.777247516666655,-1.2172754916666673,delivering
52.77730793333332,-1.217355283333334,delivering
52.77736834999999,-1.2174350750000007,delivering
52.77742876666665,-1.2175148666666673,delivering
52.77748918333332,-1.2175946583333341,delivering
52.777549599999986,-1.2176744500000007,delivering
52.77761001666666,-1.2177542416666673,delivering
52.77767043333333,-1.2178340333333342,delivering
52.77773084999999,-1.2179138250000008,delivering
52.77779126666666,-1.2179936166666674,delivering
52.777851683333324,-1.2180734083333342,delivering
52.777912099999995,-1.2181532000000008,delivering
52.77797421111111,-1.2182285555555563,delivering
52.77803632222221,-1.2183039111111118,delivering
52.77809843333333,-1.2183792666666673,delivering
52.77816054444444,-1.2184546222222228,delivering
52.778222655555545,-1.218529977777778,delivering
52.77828476666666,-1.2186053333333335,delivering
52.77834687777777,-1.218680688888889,delivering
52.77840898888888,-1.2187560444444445,delivering
52.77847109999999,-1.2188314,delivering
52.7785687,-1.2189646999999997,delivering
52.77859729999999,-1.2187730000000014,picking
52.77847109999999,-1.2188314,picking
52.77840898888888,-1.2187560444444445,picking
52.77834687777777,-1.218680688888889,picking
52.77828476666666,-1.2186053333333335,picking
52.778222655555545,-1.218529977777778,picking
52.77816054444444,-1.2184546222222228,picking
52.77809843333333,-1.2183792666666673,picking
52.77803632222221,-1.2183039111111118,picking
52.77797421111111,-1.2182285555555563,picking
52.777912099999995,-1.2181532000000008,picking
52.777851683333324,-1.2180734083333342,picking
52.77779126666666,-1.2179936166666674,picking
52.77773084999999,-1.2179138250000008,picking
52.77767043333333,-1.2178340333333342,picking
52.77761001666666,-1.2177542416666673,picking
52.777549599999986,-1.2176744500000007,picking
52.77748918333332,-1.2175946583333341,picking
52.77742876666665,-1.2175148666666673,picking
52.77736834999999,-1.2174350750000007,picking
52.77730793333332,-1.217355283333334,picking
52.777247516666655,-1.2172754916666673,picking
52.777187099999985,-1.2171957000000007,picking
52.77711629999999,-1.2170753500000009,picking
52.77704549999999,-1.2169550000000011,picking
52.7770004875,-1.2168534125000008,picking
52.776955474999994,-1.2167518250000007,picking
52.7769104625,-1.2166502375000006,picking
52.77686545,-1.2165486500000002,picking
52.7768204375,-1.2164470625,picking
52.776775425000004,-1.2163454749999998,picking
52.7767304125,-1.2162438874999997,picking
52.776685400000005,-1.2161422999999993,picking
52.77664370000001,-1.2159567000000007,picking
52.77658200689656,-1.2160211241379317,picking
52.776520313793114,-1.2160855482758626,picking
52.77645862068966,-1.2161499724137936,picking
52.77639692758621,-1.2162143965517247,picking
52.776335234482765,-1.2162788206896558,picking
52.77627354137932,-1.2163432448275866,picking
52.77621184827587,-1.2164076689655177,picking
52.77615015517242,-1.2164720931034487,picking
52.77608846206897,-1.2165365172413798,picking
52.77602676896552,-1.2166009413793106,picking
52.775965075862075,-1.2166653655172417,picking
52.77590338275863,-1.2167297896551728,picking
52.775841689655174,-1.2167942137931036,picking
52.77577999655173,-1.2168586379310347,picking
52.77571830344828,-1.2169230620689657,picking
52.77565661034483,-1.2169874862068968,picking
52.77559491724138,-1.2170519103448276,picking
52.77553322413793,-1.2171163344827587,picking
52.77547153103448,-1.2171807586206898,picking
52.775409837931036,-1.2172451827586206,picking
52.77534814482759,-1.2173096068965517,picking
52.775286451724135,-1.2173740310344827,picking
52.77522475862069,-1.2174384551724138,picking
52.77516306551724,-1.2175028793103446,picking
52.77510137241379,-1.2175673034482757,picking
52.775039679310346,-1.2176317275862067,picking
52.77497798620689,-1.2176961517241378,picking
52.774916293103445,-1.2177605758620687,picking
52.7748546,-1.2178249999999997,picking
52.77479371875,-1.2179055562499999,picking
52.7747328375,-1.2179861125,picking
52.774671956249996,-1.21806666875,picking
52.774611074999996,-1.218147225,picking
52.774550193749995,-1.2182277812500002,picking
52.774489312499995,-1.2183083375000003,picking
52.774428431249994,-1.2183888937500005,picking
52.774367549999994,-1.2184694500000006,picking
52.77430666874999,-1.2185500062500005,picking
52.77424578749999,-1.2186305625000007,picking
52.77418490624999,-1.2187111187500008,picking
52.77412402499999,-1.218791675000001,picking
52.77406314374999,-1.218872231250001,picking
52.77400226249999,-1.218952787500001,picking
52.77394138124999,-1.2190333437500012,picking
52.77388049999999,-1.2191139000000013,picking
52.77382769999999,-1.2190096800000012,picking
52.77377489999999,-1.218905460000001,picking
52.7737221,-1.2188012400000008,picking
52.7736693,-1.2186970200000007,picking
52.7736165,-1.2185928000000006,picking
52.77356669411765,-1.2186864823529417,picking
52.7735168882353,-1.218780164705883,picking
52.773467082352944,-1.218873847058824,picking
52.77341727647059,-1.2189675294117652,picking
52.773367470588234,-1.2190612117647064,picking
52.773317664705885,-1.2191548941176475,picking
52.77326785882353,-1.2192485764705887,picking
52.773218052941175,-1.2193422588235299,picking
52.77316824705883,-1.219435941176471,picking
52.77311844117647,-1.2195296235294122,picking
52.773068635294116,-1.2196233058823533,picking
52.77301882941177,-1.2197169882352945,picking
52.77296902352941,-1.2198106705882357,picking
52.77291921764706,-1.2199043529411768,picking
52.7728694117647,-1.219998035294118,picking
52.772819605882354,-1.2200917176470591,picking
52.7727698,-1.2201854000000003,picking
52.77270465,-1.2200995250000004,picking
52.7726395,-1.2200136500000003,picking
52.77257435,-1.2199277750000004,picking
52.7725092,-1.2198419000000005,picking
52.77244405,-1.2197560250000006,picking
52.7723789,-1.2196701500000007,picking
52.772313749999995,-1.2195842750000006,picking
52.7722486,-1.2194984000000006,picking
52.772216704255314,-1.2196102212765965,picking
52.77218480851064,-1.219722042553192,picking
52.772152912765954,-1.2198338638297879,picking
52.77212101702128,-1.2199456851063837,picking
52.77208912127659,-1.2200575063829793,picking
52.77205722553192,-1.220169327659575,picking
52.77202532978723,-1.2202811489361707,picking
52.77199343404255,-1.2203929702127665,picking
52.77196153829787,-1.2205047914893623,picking
52.77192964255319,-1.220616612765958,picking
52.77189774680851,-1.2207284340425537,picking
52.77186585106383,-1.2208402553191495,picking
52.77183395531915,-1.2209520765957451,picking
52.77180205957447,-1.221063897872341,picking
52.771770163829785,-1.2211757191489367,picking
52.77173826808511,-1.2212875404255323,picking
52.771706372340425,-1.2213993617021282,picking
52.77167447659575,-1.2215111829787237,picking
52.771642580851065,-1.2216230042553196,picking
52.77161068510639,-1.2217348255319154,picking
52.771578789361705,-1.221846646808511,picking
52.77154689361702,-1.2219584680851068,picking
52.771514997872345,-1.2220702893617026,picking
52.77148310212766,-1.2221821106382982,picking
52.771451206382984,-1.222293931914894,picking
52.7714193106383,-1.2224057531914898,picking
52.77138741489362,-1.2225175744680854,picking
52.77135551914894,-1.2226293957446812,picking
52.77132362340426,-1.222741217021277,picking
52.77129172765958,-1.2228530382978726,picking
52.7712598319149,-1.2229648595744684,picking
52.77122793617022,-1.223076680851064,picking
52.77119604042554,-1.2231885021276598,picking
52.77116414468085,-1.2233003234042557,picking
52.771132248936176,-1.2234121446808512,picking
52.77110035319149,-1.223523965957447,picking
52.771068457446816,-1.2236357872340429,picking
52.77103656170213,-1.2237476085106385,picking
52.771004665957456,-1.2238594297872343,picking
52.77097277021277,-1.22397125106383,picking
52.77094087446809,-1.2240830723404257,picking
52.77090897872341,-1.2241948936170215,picking
52.77087708297873,-1.224306714893617,picking
52.77084518723405,-1.224418536170213,picking
52.77081329148937,-1.2245303574468087,picking
52.77078139574469,-1.2246421787234043,picking
52.77074950000001,-1.2247540000000001,picking
52.77070084,-1.22484504,picking
52.770652180000006,-1.22493608,picking
52.77060352,-1.2250271199999998,picking
52.770554860000004,-1.2251181599999998,picking
52.7705062,-1.2252091999999997,picking
52.77045539999999,-1.2252429,picking
52.770377283333325,-1.2252536333333335,picking
52.77029916666665,-1.2252643666666667,picking
52.77022104999999,-1.2252751000000002,picking
52.770142933333325,-1.2252858333333336,picking
52.770064816666654,-1.2252965666666669,picking
52.76998669999999,-1.2253073000000003,picking
52.769922339999994,-1.2252390800000001,picking
52.76985797999999,-1.2251708600000002,picking
52.769793619999994,-1.22510264,picking
52.76972925999999,-1.22503442,picking
52.769664899999995,-1.2249662,picking
52.76960054,-1.2248979799999997,picking
52.769536179999996,-1.2248297599999998,picking
52.76947182,-1.2247615399999996,picking
52.76940746,-1.2246933199999996,picking
52.7693431,-1.2246250999999995,picking
52.76928053333334,-1.2245487666666666,picking
52.769217966666666,-1.2244724333333334,picking
52.7691554,-1.2243961000000005,picking
52.769095281333335,-1.2243198240000006,picking
52.76903516266667,-1.2242435480000005,picking
52.768975044,-1.2241672720000005,picking
52.768914925333334,-1.2240909960000006,picking
52.76885480666667,-1.2240147200000004,picking
52.768794688,-1.2239384440000005,picking
52.76873456933333,-1.2238621680000006,picking
52.768674450666666,-1.2237858920000004,picking
52.768614332,-1.2237096160000005,picking
52.76855421333333,-1.2236333400000006,picking
52.768494094666664,-1.2235570640000004,picking
52.768433976,-1.2234807880000005,picking
52.76837385733334,-1.2234045120000006,picking
52.76831373866667,-1.2233282360000004,picking
52.76825362,-1.2232519600000005,picking
52.768193501333336,-1.2231756840000005,picking
52.76813338266667,-1.2230994080000004,picking
52.768073264,-1.2230231320000005,picking
52.768013145333335,-1.2229468560000005,picking
52.76795302666667,-1.2228705800000004,picking
52.767892908,-1.2227943040000004,picking
52.76783278933333,-1.2227180280000005,picking
52.767772670666666,-1.2226417520000004,picking
52.767712552,-1.2225654760000004,picking
52.76765243333333,-1.2224892000000005,picking
52.767592314666665,-1.2224129240000003,picking
52.767532196,-1.2223366480000004,picking
52.76747207733333,-1.2222603720000005,picking
52.76741195866666,-1.2221840960000003,picking
52.767351839999996,-1.2221078200000004,picking
52.76729172133333,-1.2220315440000005,picking
52.76723160266666,-1.2219552680000003,picking
52.767171483999995,-1.2218789920000004,picking
52.76711136533333,-1.2218027160000005,picking
52.76705124666666,-1.2217264400000003,picking
52.766991127999994,-1.2216501640000004,picking
52.76693100933333,-1.2215738880000004,picking
52.76687089066667,-1.2214976120000003,picking
52.766810772,-1.2214213360000004,picking
52.76675065333333,-1.2213450600000004,picking
52.766690534666665,-1.2212687840000003,picking
52.766630416,-1.2211925080000003,picking
52.76657029733333,-1.2211162320000004,picking
52.766510178666664,-1.2210399560000003,picking
52.76645006,-1.2209636800000003,picking
52.76638994133333,-1.2208874040000004,picking
52.76632982266666,-1.2208111280000002,picking
52.766269703999995,-1.2207348520000003,picking
52.76620958533333,-1.2206585760000004,picking
52.76614946666666,-1.2205823000000002,picking
52.766089347999994,-1.2205060240000003,picking
52.76602922933333,-1.2204297480000004,picking
52.76596911066666,-1.2203534720000002,picking
52.76590899199999,-1.2202771960000003,picking
52.765848873333326,-1.2202009200000004,picking
52.76578875466666,-1.2201246440000002,picking
52.76572863599999,-1.2200483680000003,picking
52.765668517333324,-1.2199720920000003,picking
52.76560839866666,-1.2198958160000002,picking
52.76554827999999,-1.2198195400000003,picking
52.76548816133332,-1.2197432640000003,picking
52.765428042666656,-1.2196669880000002,picking
52.765367923999996,-1.2195907120000002,picking
52.76530780533333,-1.2195144360000003,picking
52.76524768666666,-1.2194381600000002,picking
52.765187567999995,-1.2193618840000002,picking
52.76512744933333,-1.2192856080000003,picking
52.76506733066666,-1.2192093320000001,picking
52.76500721199999,-1.2191330560000002,picking
52.764947093333326,-1.2190567800000003,picking
52.76488697466666,-1.2189805040000001,picking
52.76482685599999,-1.2189042280000002,picking
52.764766737333325,-1.2188279520000003,picking
52.76470661866666,-1.2187516760000001,picking
52.76464649999999,-1.2186754000000002,picking
52.764599649999994,-1.218565225,picking
52.76455279999999,-1.21845505,picking
52.76450594999999,-1.2183448749999999,picking
52.764459099999996,-1.2182346999999998,picking
52.76443095,-1.2180846499999998,picking
52.7644028,-1.2179345999999998,picking
52.7642634,-1.2178722999999994,picking
52.76423940000001,-1.2178818000000007,picking
52.764179150000004,-1.2180035000000005,picking
52.7641189,-1.2181252,picking
52.764137799999986,-1.2182896000000007,picking
52.764124074999984,-1.2184166750000003,picking
52.76411034999999,-1.21854375,picking
52.76409662499999,-1.2186708249999998,picking
52.76408289999999,-1.2187978999999993,picking
52.76404740999999,-1.2189076299999995,picking
52.764011919999994,-1.2190173599999998,picking
52.76397642999999,-1.21912709,picking
52.76394093999999,-1.2192368200000003,picking
52.763905449999996,-1.2193465500000005,picking
52.763869959999994,-1.2194562800000006,picking
52.76383446999999,-1.219566010000001,picking
52.76379897999999,-1.2196757400000011,picking
52.763763489999995,-1.2197854700000015,picking
52.76372799999999,-1.2198952000000016,picking
52.76369241428571,-1.220004614285716,picking
52.76365682857142,-1.22011402857143,picking
52.763621242857134,-1.2202234428571443,picking
52.76358565714285,-1.2203328571428587,picking
52.76355007142856,-1.2204422714285728,picking
52.763514485714275,-1.220551685714287,picking
52.763478899999996,-1.2206611000000014,picking
52.76344331428571,-1.2207705142857155,picking
52.76340772857142,-1.2208799285714298,picking
52.763372142857136,-1.2209893428571439,picking
52.76333655714285,-1.2210987571428582,picking
52.76330097142856,-1.2212081714285725,picking
52.76326538571428,-1.2213175857142866,picking
52.76322979999999,-1.221427000000001,picking
52.76320859999999,-1.2214881000000004,picking
52.76316836666666,-1.2216074333333335,picking
52.76312813333334,-1.221726766666667,picking
52.76308790000001,-1.2218461,picking
52.76305074000001,-1.22196047,picking
52.763013580000006,-1.2220748399999999,picking
52.76297642000001,-1.2221892099999998,picking
52.76293926000001,-1.2223035799999997,picking
52.762902100000005,-1.2224179499999996,picking
52.76286494000001,-1.2225323199999996,picking
52.76282778000001,-1.2226466899999995,picking
52.76279062000001,-1.2227610599999994,picking
52.762753460000006,-1.2228754299999993,picking
52.76271630000001,-1.2229897999999992,picking
52.762656799999995,-1.223180299999999,picking
52.762590364,-1.223122103999999,picking
52.76252392799999,-1.2230639079999992,picking
52.762457491999996,-1.2230057119999993,picking
52.76239105599999,-1.2229475159999994,picking
52.762324619999994,-1.2228893199999995,picking
52.76225818399999,-1.2228311239999996,picking
52.76219174799999,-1.2227729279999995,picking
52.76212531199999,-1.2227147319999996,picking
52.76205887599999,-1.2226565359999997,picking
52.761992439999986,-1.2225983399999998,picking
52.76192600399999,-1.2225401439999999,picking
52.761859567999984,-1.222481948,picking
52.76179313199999,-1.222423752,picking
52.76172669599998,-1.2223655560000002,picking
52.761660259999985,-1.2223073600000003,picking
52.76159382399998,-1.2222491640000004,picking
52.76152738799998,-1.2221909680000005,picking
52.76146095199998,-1.2221327720000006,picking
52.76139451599998,-1.2220745760000005,picking
52.76132807999998,-1.2220163800000006,picking
52.76126164399998,-1.2219581840000007,picking
52.761195207999975,-1.2218999880000008,picking
52.76112877199998,-1.2218417920000009,picking
52.76106233599997,-1.221783596000001,picking
52.760995899999976,-1.221725400000001,picking
52.760934455555535,-1.2216531666666677,picking
52.760873011111094,-1.2215809333333345,picking
52.76081156666665,-1.2215087000000011,picking
52.76075012222221,-1.221436466666668,picking
52.760688677777765,-1.2213642333333345,picking
52.760627233333324,-1.2212920000000014,picking
52.76056578888888,-1.221219766666668,picking
52.76050434444444,-1.2211475333333348,picking
52.7604429,-1.2210753000000014,delivering
52.76050434444444,-1.2211475333333348,delivering
52.76056578888888,-1.221219766666668,delivering
52.760627233333324,-1.2212920000000014,delivering
52.760688677777765,-1.2213642333333345,delivering
52.76075012222221,-1.221436466666668,delivering
52.76081156666665,-1.2215087000000011,delivering
52.760873011111094,-1.2215809333333345,delivering
52.760934455555535,-1.2216531666666677,delivering
52.760995899999976,-1.221725400000001,delivering
52.76106233599997,-1.221783596000001,delivering
52.76112877199998,-1.2218417920000009,delivering
52.761195207999975,-1.2218999880000008,delivering
52.76126164399998,-1.2219581840000007,delivering
52.76132807999998,-1.2220163800000006,delivering
52.76139451599998,-1.2220745760000005,delivering
52.76146095199998,-1.2221327720000006,delivering
52.76152738799998,-1.2221909680000005,delivering
52.76159382399998,-1.2222491640000004,delivering
52.761660259999985,-1.2223073600000003,delivering
52.76172669599998,-1.2223655560000002,delivering
52.76179313199999,-1.222423752,delivering
52.761859567999984,-1.222481948,delivering
52.76192600399999,-1.2225401439999999,delivering
52.761992439999986,-1.2225983399999998,delivering
52.76205887599999,-1.2226565359999997,delivering
52.76212531199999,-1.2227147319999996,delivering
52.76219174799999,-1.2227729279999995,delivering
52.76225818399999,-1.2228311239999996,delivering
52.762324619999994,-1.2228893199999995,delivering
52.76239105599999,-1.2229475159999994,delivering
52.762457491999996,-1.2230057119999993,delivering
52.76252392799999,-1.2230639079999992,delivering
52.762590364,-1.223122103999999,delivering
52.762656799999995,-1.223180299999999,delivering
52.76271630000001,-1.2229897999999992,delivering
52.762753460000006,-1.2228754299999993,delivering
52.76279062000001,-1.2227610599999994,delivering
52.76282778000001,-1.2226466899999995,delivering
52.76286494000001,-1.2225323199999996,delivering
52.762902100000005,-1.2224179499999996,delivering
52.76293926000001,-1.2223035799999997,delivering
52.76297642000001,-1.2221892099999998,delivering
52.763013580000006,-1.2220748399999999,delivering
52.76305074000001,-1.22196047,delivering
52.76308790000001,-1.2218461,delivering
52.76312813333334,-1.221726766666667,delivering
52.76316836666666,-1.2216074333333335,delivering
52.76320859999999,-1.2214881000000004,delivering
52.76322979999999,-1.221427000000001,delivering
52.76326538571428,-1.2213175857142866,delivering
52.76330097142856,-1.2212081714285725,delivering
52.76333655714285,-1.2210987571428582,delivering
52.763372142857136,-1.2209893428571439,delivering
52.76340772857142,-1.2208799285714298,delivering
52.76344331428571,-1.2207705142857155,delivering
52.763478899999996,-1.2206611000000014,delivering
52.763514485714275,-1.220551685714287,delivering
52.76355007142856,-1.2204422714285728,delivering
52.76358565714285,-1.2203328571428587,delivering
52.763621242857134,-1.2202234428571443,delivering
52.76365682857142,-1.22011402857143,delivering
52.76369241428571,-1.220004614285716,delivering
52.76372799999999,-1.2198952000000016,delivering
52.763763489999995,-1.2197854700000015,delivering
52.76379897999999,-1.2196757400000011,delivering
52.76383446999999,-1.219566010000001,delivering
52.763869959999994,-1.2194562800000006,delivering
52.763905449999996,-1.2193465500000005,delivering
52.76394093999999,-1.2192368200000003,delivering
52.76397642999999,-1.21912709,delivering
52.764011919999994,-1.2190173599999998,delivering
52.76404740999999,-1.2189076299999995,delivering
52.76408289999999,-1.2187978999999993,delivering
52.76414382499999,-1.2187077999999996,delivering
52.76420475,-1.2186176999999998,delivering
52.764265675000004,-1.2185275999999998,delivering
52.764326600000004,-1.2184375,delivering
52.764345399999996,-1.2184293000000015,delivering
52.764402249999996,-1.2183320000000006,delivering
52.764459099999996,-1.2182346999999998,delivering
52.76443095,-1.2180846499999998,delivering
52.7644028,-1.2179345999999998,delivering
52.764435605555555,-1.2178188888888888,delivering
52.76446841111111,-1.2177031777777776,delivering
52.764501216666666,-1.2175874666666666,delivering
52.76453402222222,-1.2174717555555554,delivering
52.76456682777778,-1.2173560444444445,delivering
52.76459963333333,-1.2172403333333335,delivering
52.76463243888889,-1.2171246222222223,delivering
52.764665244444444,-1.2170089111111113,delivering
52.76469805000001,-1.2168932000000003,delivering
52.76473085555556,-1.2167774888888891,delivering
52.76476366111112,-1.2166617777777782,delivering
52.764796466666674,-1.216546066666667,delivering
52.76482927222223,-1.216430355555556,delivering
52.764862077777785,-1.216314644444445,delivering
52.76489488333334,-1.2161989333333338,delivering
52.764927688888896,-1.2160832222222229,delivering
52.76496049444445,-1.2159675111111117,delivering
52.76499330000001,-1.2158518000000007,delivering
52.76503132857143,-1.2157331285714292,delivering
52.76506935714286,-1.215614457142858,delivering
52.76510738571429,-1.2154957857142865,delivering
52.76514541428572,-1.215377114285715,delivering
52.76518344285714,-1.2152584428571436,delivering
52.765221471428575,-1.2151397714285723,delivering
52.7652595,-1.2150211000000009,delivering
52.76529263333333,-1.214900033333334,delivering
52.76532576666666,-1.2147789666666673,delivering
52.765358899999995,-1.2146579000000006,delivering
52.76539203333333,-1.2145368333333337,delivering
52.76542516666666,-1.2144157666666668,delivering
52.76545829999999,-1.2142947000000002,delivering
52.76548146666666,-1.2141642833333337,delivering
52.76550463333333,-1.2140338666666672,delivering
52.7655278,-1.213903450000001,delivering
52.765550966666666,-1.2137730333333345,delivering
52.76557413333333,-1.213642616666668,delivering
52.7655973,-1.2135122000000016,delivering
52.765638305,-1.2134018550000016,delivering
52.76567931,-1.2132915100000015,delivering
52.765720315,-1.2131811650000013,delivering
52.76576132,-1.2130708200000013,delivering
52.765802325,-1.2129604750000014,delivering
52.76584333,-1.2128501300000012,delivering
52.765884335,-1.212739785000001,delivering
52.76592534,-1.212629440000001,delivering
52.765966345,-1.212519095000001,delivering
52.766007349999995,-1.212408750000001,delivering
52.766048354999995,-1.2122984050000007,delivering
52.766089359999995,-1.2121880600000008,delivering
52.766130364999995,-1.2120777150000008,delivering
52.766171369999995,-1.2119673700000007,delivering
52.766212374999995,-1.2118570250000005,delivering
52.766253379999995,-1.2117466800000005,delivering
52.766294384999995,-1.2116363350000006,delivering
52.766335389999995,-1.2115259900000004,delivering
52.766376394999995,-1.2114156450000002,delivering
52.766417399999995,-1.2113053000000003,delivering
52.76646277647058,-1.2111987823529415,delivering
52.76650815294117,-1.2110922647058826,delivering
52.76655352941176,-1.210985747058824,delivering
52.76659890588235,-1.210879229411765,delivering
52.766644282352935,-1.2107727117647062,delivering
52.76668965882352,-1.2106661941176475,delivering
52.76673503529411,-1.2105596764705886,delivering
52.7667804117647,-1.2104531588235299,delivering
52.766825788235295,-1.210346641176471,delivering
52.76687116470588,-1.2102401235294122,delivering
52.76691654117647,-1.2101336058823533,delivering
52.76696191764706,-1.2100270882352946,delivering
52.76700729411765,-1.2099205705882359,delivering
52.767052670588235,-1.209814052941177,delivering
52.76709804705882,-1.2097075352941182,delivering
52.76714342352941,-1.2096010176470593,delivering
52.7671888,-1.2094945000000006,delivering
52.7672697,-1.2093825500000004,delivering
52.76735059999999,-1.2092706,delivering
52.76741969999999,-1.2092072,delivering
52.767488799999995,-1.2091438,delivering
52.76755789999999,-1.2090804000000004,delivering
52.767627,-1.2090170000000005,delivering
52.767696099999995,-1.2089536000000005,delivering
52.7677652,-1.2088902000000006,delivering
52.7678343,-1.2088268000000006,delivering
52.767903399999994,-1.2087634000000007,delivering
52.7679725,-1.2087000000000008,delivering
52.7680416,-1.208636600000001,delivering
52.7681107,-1.2085732000000011,delivering
52.7681798,-1.2085098000000012,delivering
52.76821315588235,-1.2086212441176483,delivering
52.7682465117647,-1.2087326882352953,delivering
52.76827986764706,-1.2088441323529424,delivering
52.76831322352941,-1.2089555764705895,delivering
52.76834657941176,-1.2090670205882366,delivering
52.768379935294114,-1.2091784647058834,delivering
52.768413291176465,-1.2092899088235305,delivering
52.768446647058816,-1.2094013529411776,delivering
52.768480002941175,-1.2095127970588246,delivering
52.768513358823526,-1.2096242411764717,delivering
52.76854671470588,-1.2097356852941188,delivering
52.76858007058823,-1.2098471294117659,delivering
52.76861342647058,-1.209958573529413,delivering
52.76864678235293,-1.21007001764706,delivering
52.76868013823529,-1.210181461764707,delivering
52.76871349411764,-1.2102929058823542,delivering
52.76874684999999,-1.210404350000001,delivering
52.768780205882344,-1.210515794117648,delivering
52.768813561764695,-1.2106272382352952,delivering
52.76884691764705,-1.2107386823529422,delivering
52.768880273529405,-1.2108501264705893,delivering
52.768913629411756,-1.2109615705882364,delivering
52.76894698529411,-1.2110730147058835,delivering
52.76898034117646,-1.2111844588235305,delivering
52.76901369705881,-1.2112959029411776,delivering
52.76904705294117,-1.2114073470588247,delivering
52.76908040882352,-1.2115187911764718,delivering
52.76911376470587,-1.2116302352941188,delivering
52.76914712058822,-1.2117416794117657,delivering
52.769180476470574,-1.2118531235294128,delivering
52.769213832352925,-1.2119645676470598,delivering
52.76924718823528,-1.212076011764707,delivering
52.769280544117635,-1.212187455882354,delivering
52.769313899999986,-1.212298900000001,delivering
52.769379912499986,-1.2122224875000007,delivering
52.769445924999985,-1.2121460750000006,delivering
52.769511937499985,-1.2120696625000003,delivering
52.769577949999984,-1.21199325,delivering
52.76964396249999,-1.2119168374999998,delivering
52.76970997499999,-1.2118404249999994,delivering
52.76977598749999,-1.2117640124999993,delivering
52.76984199999999,-1.211687599999999,delivering
52.76991318571427,-1.211639742857142,delivering
52.76998437142856,-1.211591885714285,delivering
52.77005555714285,-1.211544028571428,delivering
52.77012674285714,-1.2114961714285712,delivering
52.77019792857142,-1.2114483142857142,delivering
52.77026911428571,-1.2114004571428574,delivering
